ID,Name,Last name(s),Department/Faculty,Grades,Mean,Recommendation,Dificulty,Source
82556,Azucena Alejandra,Aceves Alós,UANL - FCFM (Actuaría),21,8.619,90.0,0.6,https://www.misprofesores.com/profesores/Azucena-Alejandra-Aceves-Alós_82556
159557,Daniel Raul,Acosta Martínez,FCFM,3,8.3333,100.0,2.7,https://www.misprofesores.com/profesores/Daniel-Raul-Acosta-Martínez_159557
129020,Daniel Arturo,Acuña Leal,FCFM UANL,14,9.3571,86.0,2.0,https://www.misprofesores.com/profesores/Daniel-Arturo-Acuña-Leal_129020
139018,Ester,Aguayo Moreno,Actuaría ,2,7.0,100.0,4.0,https://www.misprofesores.com/profesores/Ester-Aguayo-Moreno_139018
96781,Martín,Aguilar,Fcfm,17,6.7059,59.0,1.1,https://www.misprofesores.com/profesores/Martín-Aguilar_96781
138945,Martín Alejandro,Aguilar De La Rosa,FCFM / LCC,3,7.6667,67.0,0.7,https://www.misprofesores.com/profesores/Martín-Alejandro-Aguilar-De-La-Rosa_138945
85712,Selvas,Aguilar Romeo,FCFM/LCC,12,7.1667,75.0,3.2,https://www.misprofesores.com/profesores/Selvas-Aguilar-Romeo_85712
56556,Ricardo,Aguirre Parra,Programación,13,3.7692,46.0,2.9,https://www.misprofesores.com/profesores/Ricardo-Aguirre-Parra_56556
56415,Cardenas,Alberto,FCFM,27,8.7407,85.0,2.1,https://www.misprofesores.com/profesores/Cardenas-Alberto_56415
152967,Andrés,Alberto Avilés Alvarado,Facultad de Ciencias Físico Mátematicas,3,9.3333,67.0,6.0,https://www.misprofesores.com/profesores/Andrés-Alberto-Avilés-Alvarado_152967
152742,Andres,Alberto Aviles Alvarado,FCFM,3,8.0,67.0,7.3,https://www.misprofesores.com/profesores/Andres-Alberto-Aviles-Alvarado_152742
72244,Aralicia,Alcorta,Matemáticas,6,8.1667,83.0,3.0,https://www.misprofesores.com/profesores/Aralicia-Alcorta_72244
131959,Maria Aracelia,Alcorta Garcia,FCFM UANL,1,10.0,100.0,2.0,https://www.misprofesores.com/profesores/Maria-Aracelia-Alcorta-Garcia_131959
97485,Francisco,Aldave Rivas,FCFM/ACTUARÍA,1,2.0,0.0,8.0,https://www.misprofesores.com/profesores/Francisco-Aldave-Rivas_97485
96638,Juan Fco.,Aldave Rivas,FCFM,7,6.7143,43.0,3.1,https://www.misprofesores.com/profesores/Juan-Fco.-Aldave-Rivas_96638
132302,Julio Guadalupe,Aleman Reyes,FCFM,2,7.5,100.0,1.0,https://www.misprofesores.com/profesores/Julio-Guadalupe-Aleman-Reyes_132302
108245,Francisco,Almaguer,Actuaria,16,6.5625,38.0,4.2,https://www.misprofesores.com/profesores/Francisco-Almaguer_108245
58950,Carlos,Almaguer,Actuaría,21,9.2381,90.0,1.4,https://www.misprofesores.com/profesores/Carlos-Almaguer_58950
59094,David,Almaguer,POO,3,9.3333,100.0,2.7,https://www.misprofesores.com/profesores/David-Almaguer_59094
131955,Francisco Javier,Almaguer Martinez,FCFM UANL,0,,0.0,10.0,https://www.misprofesores.com/profesores/Francisco-Javier-Almaguer-Martinez_131955
151849,Josue Caleb,Almaraz Puente,FCFM/ LCC,6,5.0,17.0,4.7,https://www.misprofesores.com/profesores/Josue-Caleb-Almaraz-Puente_151849
101913,Estela,Alvarado,NUEVO LEÓN,16,6.1875,56.0,3.4,https://www.misprofesores.com/profesores/Estela-Alvarado_101913
93093,Ricardo Ivan,Álvarez,FCFM,8,9.75,100.0,0.7,https://www.misprofesores.com/profesores/Ricardo-Ivan-Álvarez_93093
78581,Lilia,Analis,FCFM,28,9.4643,100.0,2.8,https://www.misprofesores.com/profesores/Lilia-Analis_78581
80127,Pérez Blanco,Ángel,Mátematicas,40,6.125,43.0,2.2,https://www.misprofesores.com/profesores/Pérez-Blanco-Ángel_80127
132232,Angel Salvador,Angel Salvador,Tronco Comun,8,6.125,50.0,3.7,https://www.misprofesores.com/profesores/Angel-Salvador-Angel-Salvador_132232
56307,Sonia,Anguiano,Matemáticas,7,9.8571,100.0,2.6,https://www.misprofesores.com/profesores/Sonia-Anguiano_56307
147678,Sonia Guadalupe,Anguiano Rostro,FCFM,4,4.75,0.0,7.0,https://www.misprofesores.com/profesores/Sonia-Guadalupe-Anguiano-Rostro_147678
129317,Leobardo,Arellano González,Actuaría,3,8.6667,67.0,3.3,https://www.misprofesores.com/profesores/Leobardo-Arellano-González_129317
62548,Adriana,Arias,algebra ,49,9.4286,92.0,2.1,https://www.misprofesores.com/profesores/Adriana-Arias_62548
167375,Adriana,Arias,FCFM ,1,10.0,100.0,2.0,https://www.misprofesores.com/profesores/Adriana-Arias_167375
121086,Adrian,Arias Aguilar,UANL FCFM,7,9.8571,100.0,0.6,https://www.misprofesores.com/profesores/Adrian-Arias-Aguilar_121086
34767,Sergio,Arratia,,12,8.0,92.0,4.2,https://www.misprofesores.com/profesores/Sergio-Arratia_34767
87205,Armando,Arrioja Castro,FCFM Actuaría,4,8.25,100.0,1.5,https://www.misprofesores.com/profesores/Armando-Arrioja-Castro_87205
93315,Santiago,Arroyo Garza,Física ,22,5.4091,27.0,5.5,https://www.misprofesores.com/profesores/Santiago-Arroyo-Garza_93315
111714,Santiago,Arroyo Rdz,UANL-FCFM,2,5.5,0.0,5.0,https://www.misprofesores.com/profesores/Santiago-Arroyo-Rdz_111714
165413,Edna Alejandra,Avila,Fcfm,1,9.0,100.0,0.0,https://www.misprofesores.com/profesores/Edna-Alejandra-Avila_165413
152914,Andrés Alberto,Áviles Alvarado,FCFM,1,10.0,100.0,6.0,https://www.misprofesores.com/profesores/Andrés-Alberto-Áviles-Alvarado_152914
102660,Sandra Angelica,Ayala Gomez,fcfm/fisica,34,7.3529,74.0,3.6,https://www.misprofesores.com/profesores/Sandra-Angelica-Ayala-Gomez_102660
140763,Sandra Angelica,Ayala Gomez,LMAD,0,,0.0,10.0,https://www.misprofesores.com/profesores/Sandra-Angelica-Ayala-Gomez_140763
158005,Janet,Ayala Santiago,FCFM,9,4.2222,11.0,5.6,https://www.misprofesores.com/profesores/Janet-Ayala-Santiago_158005
108657,Idali,Baltazar,FCFM,10,9.7,100.0,0.6,https://www.misprofesores.com/profesores/Idali-Baltazar_108657
106046,Alejandro,Barbosa,lmad,3,8.3333,67.0,6.0,https://www.misprofesores.com/profesores/Alejandro-Barbosa_106046
132288,Abraham Benito,Barragan Amigón,UANL,52,9.1538,96.0,1.5,https://www.misprofesores.com/profesores/Abraham-Benito-Barragan-Amigón_132288
82341,Mikhail Valentinovich,Basin,UANL-FCFM ,7,8.7143,100.0,1.4,https://www.misprofesores.com/profesores/Mikhail-Valentinovich-Basin_82341
159594,Pamela,Bazaldua Reyna,FCFM - LMAD,3,9.6667,100.0,0.7,https://www.misprofesores.com/profesores/Pamela-Bazaldua-Reyna_159594
102662,Sergio,Belmares Perales,fcfm-fisica,29,3.8276,24.0,5.2,https://www.misprofesores.com/profesores/Sergio-Belmares-Perales_102662
156762,Gerardo,Bernal Carranza,LSTI,2,9.5,100.0,0.0,https://www.misprofesores.com/profesores/Gerardo-Bernal-Carranza_156762
140044,Mayra Cristina,Berrones Reyes,Fcfm,1,10.0,100.0,0.0,https://www.misprofesores.com/profesores/Mayra-Cristina-Berrones-Reyes_140044
170018,Francisco Javier,Betancourt Sotomayor,fcfm,1,7.0,100.0,0.0,https://www.misprofesores.com/profesores/Francisco-Javier-Betancourt-Sotomayor_170018
147604,Nicelia,Butten,FCFM - LMAD,1,10.0,100.0,2.0,https://www.misprofesores.com/profesores/Nicelia-Butten_147604
68372,Francisco,Cabrera,FCFM,15,5.8,47.0,4.9,https://www.misprofesores.com/profesores/Francisco-Cabrera_68372
119643,Alma Patricia,Calderon,"UANL-FCFM(Cinematografia,Guionismo,Coordinacion)",10,7.8,80.0,1.2,https://www.misprofesores.com/profesores/Alma-Patricia-Calderon_119643
137275,Yaretzze,Calderon Rangel,Administración de proyectos,0,,0.0,10.0,https://www.misprofesores.com/profesores/Yaretzze-Calderon-Rangel_137275
137276,Yaretzze,Calderon Rangel,LMAD,4,7.0,100.0,0.5,https://www.misprofesores.com/profesores/Yaretzze-Calderon-Rangel_137276
112598,Fernando,Camacho,FCFM/LM,2,8.0,100.0,6.0,https://www.misprofesores.com/profesores/Fernando-Camacho_112598
159313,Edgar,Camacho Esparza,FCFM,2,9.0,100.0,1.0,https://www.misprofesores.com/profesores/Edgar-Camacho-Esparza_159313
131963,Jose Fernando,Camacho Vallejo,FCFM UANL,0,,0.0,10.0,https://www.misprofesores.com/profesores/Jose-Fernando-Camacho-Vallejo_131963
109739,Asael,Campos,LMAD,6,6.6667,67.0,3.7,https://www.misprofesores.com/profesores/Asael-Campos_109739
78432,Miguel Alejandro,Candelaria Coronado,UANL- FCFM,28,8.25,93.0,1.4,https://www.misprofesores.com/profesores/Miguel-Alejandro-Candelaria-Coronado_78432
114614,Jose Luis,Candelario,UANL-FCFM,16,8.9375,88.0,1.1,https://www.misprofesores.com/profesores/Jose-Luis-Candelario_114614
113961,José Luis,Candelario Tovar,Lcc,1,9.0,100.0,0.0,https://www.misprofesores.com/profesores/José-Luis-Candelario-Tovar_113961
160255,Dolores Del Carmen M.A.,Cantú Álvarez,Fcfm,0,,0.0,10.0,https://www.misprofesores.com/profesores/Dolores-Del-Carmen-M.A.-Cantú-Álvarez_160255
109774,Dolores Del Carmen,Cantu Alvarez,FCFM,24,8.9167,88.0,1.2,https://www.misprofesores.com/profesores/Dolores-Del-Carmen-Cantu-Alvarez_109774
165045,Daniela,Cantu De La Garza,FCFM - LMAD,3,7.6667,100.0,4.7,https://www.misprofesores.com/profesores/Daniela-Cantu-De-La-Garza_165045
129285,Liliana Ivette,Cantu Diaz,FCFM,10,9.5,100.0,1.6,https://www.misprofesores.com/profesores/Liliana-Ivette-Cantu-Diaz_129285
110170,Eduardo,Cantu Gallardo,FCFM(FOGU),8,9.5,100.0,0.0,https://www.misprofesores.com/profesores/Eduardo-Cantu-Gallardo_110170
119519,Ivan Alexis,Cantú García,FCFM,18,9.0,83.0,2.8,https://www.misprofesores.com/profesores/Ivan-Alexis-Cantú-García_119519
116096,Hector Olaff,Cantu Moreno,FCFM-PASI,8,9.75,100.0,0.5,https://www.misprofesores.com/profesores/Hector-Olaff-Cantu-Moreno_116096
119506,Jose Alberto,Cardenas Jaimes,FCFM,3,6.6667,33.0,1.3,https://www.misprofesores.com/profesores/Jose-Alberto-Cardenas-Jaimes_119506
153618,Cesar Emilio,Cárdenas Zavala,Física ,1,10.0,100.0,0.0,https://www.misprofesores.com/profesores/Cesar-Emilio-Cárdenas-Zavala_153618
112152,Adriana,Carillo Leal,Fcfm,2,7.5,50.0,2.0,https://www.misprofesores.com/profesores/Adriana-Carillo-Leal_112152
158863,Juan Carlos,Carrillo Vargas,Actuaría,3,7.0,67.0,0.7,https://www.misprofesores.com/profesores/Juan-Carlos-Carrillo-Vargas_158863
109782,Selene,Casas Ramirez,FCFM(Matemáticas),16,9.3125,100.0,2.9,https://www.misprofesores.com/profesores/Selene-Casas-Ramirez_109782
75188,Diana,Castañeda,LCC/LSTI,23,7.4783,65.0,2.9,https://www.misprofesores.com/profesores/Diana-Castañeda_75188
110680,Diana,Castañeda Rodríguez,FCFM,8,7.125,63.0,3.5,https://www.misprofesores.com/profesores/Diana-Castañeda-Rodríguez_110680
149323,Esperanza,Castillo,FCFM,2,9.0,100.0,4.0,https://www.misprofesores.com/profesores/Esperanza-Castillo_149323
121172,Omar Manuel,Castillo Carrillo,LSTI,3,10.0,100.0,0.7,https://www.misprofesores.com/profesores/Omar-Manuel-Castillo-Carrillo_121172
131953,Arturo Alberto,Castillo Guzman,FCFM UANL,1,10.0,100.0,2.0,https://www.misprofesores.com/profesores/Arturo-Alberto-Castillo-Guzman_131953
56305,Arturo,Castillo Guzmán,Física,17,9.4118,94.0,2.9,https://www.misprofesores.com/profesores/Arturo-Castillo-Guzmán_56305
98014,Treviño,Castillo Lázaro,"etica, sociedad y profesion",8,9.875,100.0,0.0,https://www.misprofesores.com/profesores/Treviño-Castillo-Lázaro_98014
109773,Michelle Alejandra,Castillo Salazar,FCFM/ACTUARIA,14,8.0714,86.0,2.0,https://www.misprofesores.com/profesores/Michelle-Alejandra-Castillo-Salazar_109773
98874,Reyna Guadalupe,Castro Medellin,facultad de ciencias fisico matematicas y coordina,28,9.4286,96.0,2.9,https://www.misprofesores.com/profesores/Reyna-Guadalupe-Castro-Medellin_98874
103528,Brenda Lizbethee,Cazares Rocha,FCFM-Programacion,7,6.4286,43.0,3.7,https://www.misprofesores.com/profesores/Brenda-Lizbethee-Cazares-Rocha_103528
165010,Edgar Alexis,Cerda Oviedo,FCFM / LSTI,2,10.0,100.0,1.0,https://www.misprofesores.com/profesores/Edgar-Alexis-Cerda-Oviedo_165010
97983,Alejandra Guadalupe,Cerda Ruíz,UANL - FCFM,17,8.6471,94.0,2.9,https://www.misprofesores.com/profesores/Alejandra-Guadalupe-Cerda-Ruíz_97983
163423,Karla Isabel,Cervantes Sanmiguel,FCFM UANL (Matemáticas),1,9.0,100.0,4.0,https://www.misprofesores.com/profesores/Karla-Isabel-Cervantes-Sanmiguel_163423
102576,Wendy,Chavarría,Matemáticas ,5,9.6,100.0,1.2,https://www.misprofesores.com/profesores/Wendy-Chavarría_102576
144514,Cristhela,Chavez,FCFM,2,9.5,100.0,0.0,https://www.misprofesores.com/profesores/Cristhela-Chavez_144514
160262,Maria Victoria,Chavez Hernandez,Facultad de Ciencias Físico Matemáticas ,1,9.0,100.0,0.0,https://www.misprofesores.com/profesores/Maria-Victoria-Chavez-Hernandez_160262
110705,Martha Dolores,Chavez Molina,UANL-FCFM(Matemáticas),1,10.0,100.0,0.0,https://www.misprofesores.com/profesores/Martha-Dolores-Chavez-Molina_110705
60805,Maria Aurora,Chavez Valdez,Programacion,12,6.5,58.0,5.8,https://www.misprofesores.com/profesores/Maria-Aurora-Chavez-Valdez_60805
85866,Angel,Colin,Matemáticas,1,9.0,100.0,0.0,https://www.misprofesores.com/profesores/Angel-Colin_85866
56564,Zoeli,Contreras,FCFM,2,5.0,50.0,7.0,https://www.misprofesores.com/profesores/Zoeli-Contreras_56564
119485,Wendy Carolina,Contreras Fernandez,FCFM,15,9.9333,100.0,1.6,https://www.misprofesores.com/profesores/Wendy-Carolina-Contreras-Fernandez_119485
70358,Abigail,Contreras Mendoza,Matemáticas,51,8.1176,80.0,5.4,https://www.misprofesores.com/profesores/Abigail-Contreras-Mendoza_70358
131951,Alvaro Eduardo,Cordero Franco,FCFM UANL,7,7.8571,86.0,4.3,https://www.misprofesores.com/profesores/Alvaro-Eduardo-Cordero-Franco_131951
144561,Daniela,Cordero Rodríguez,FCFM/Arte 2d,3,10.0,100.0,2.7,https://www.misprofesores.com/profesores/Daniela-Cordero-Rodríguez_144561
167207,Daniel Gerardo,Cordova,CHAVEZ,0,,0.0,10.0,https://www.misprofesores.com/profesores/Daniel-Gerardo-Cordova_167207
128482,Carlos Eduardo,Corpus Cardona,Deportivo - Ping Pong,1,10.0,100.0,2.0,https://www.misprofesores.com/profesores/Carlos-Eduardo-Corpus-Cardona_128482
129299,Carlos Eduardo,Corpus Cardona,ya lo,0,,0.0,10.0,https://www.misprofesores.com/profesores/Carlos-Eduardo-Corpus-Cardona_129299
129298,Carlos Eduardo,Corpus Cardona,FCFM/ Cálculo de Varias Variables ,1,10.0,100.0,0.0,https://www.misprofesores.com/profesores/Carlos-Eduardo-Corpus-Cardona_129298
129300,Carlos Eduardo,Corpus Cardona,UANL-FCFM,9,9.8889,100.0,1.3,https://www.misprofesores.com/profesores/Carlos-Eduardo-Corpus-Cardona_129300
97599,George,Cruz,FCFM,0,,0.0,10.0,https://www.misprofesores.com/profesores/George-Cruz_97599
102084,Jose Carlos,Cuevas Beltran,FCFM,1,9.0,100.0,6.0,https://www.misprofesores.com/profesores/Jose-Carlos-Cuevas-Beltran_102084
102083,Jose Carlos,Cuevas Beltran,Continuidad de Negocio,6,5.1667,33.0,6.0,https://www.misprofesores.com/profesores/Jose-Carlos-Cuevas-Beltran_102083
129309,Damaris,Davila Soria,FCFM,7,9.0,86.0,2.3,https://www.misprofesores.com/profesores/Damaris-Davila-Soria_129309
62974,Heriberto,De La Cruz Sánchez,Telecomunicaciones,15,5.4,40.0,5.1,https://www.misprofesores.com/profesores/Heriberto-De-La-Cruz-Sánchez_62974
151672,Homero,De La Fuente,UANL,0,,0.0,10.0,https://www.misprofesores.com/profesores/Homero-De-La-Fuente_151672
111146,Carmen Del Rosario,De La Fuente Garcia,UANL - FCFM,0,,0.0,10.0,https://www.misprofesores.com/profesores/Carmen-Del-Rosario-De-La-Fuente-Garcia_111146
107176,Homero Enrique,De La Fuente Garcia,FCFM/Matematicas,51,3.4706,12.0,6.7,https://www.misprofesores.com/profesores/Homero-Enrique-De-La-Fuente-Garcia_107176
111715,Juan Jesus,De La Garza,UANL-FCFM,0,,0.0,10.0,https://www.misprofesores.com/profesores/Juan-Jesus-De-La-Garza_111715
114063,Sofía,De La Paz,FCFM ,12,3.6667,17.0,6.0,https://www.misprofesores.com/profesores/Sofía-De-La-Paz_114063
34766,Sofía Herminia,De La Paz,Zúñiga,75,4.0,24.0,5.5,https://www.misprofesores.com/profesores/Sofía-Herminia-De-La-Paz_34766
131956,Sofia Herminia,De La Paz Zuñiga,FCFM UANL,14,3.4286,7.0,5.7,https://www.misprofesores.com/profesores/Sofia-Herminia-De-La-Paz-Zuñiga_131956
145326,Luz,De Leon,"FCFM ""Ciencias Computacionales""",29,6.7241,69.0,2.4,https://www.misprofesores.com/profesores/Luz-De-Leon_145326
167318,Brandon Alan,De Luna Almanza,FCFM/LMAD,1,8.0,100.0,2.0,https://www.misprofesores.com/profesores/Brandon-Alan-De-Luna-Almanza_167318
102706,Francisco,De Meneses,FCFM,18,6.0556,44.0,4.4,https://www.misprofesores.com/profesores/Francisco-De-Meneses_102706
142772,Joel Antonio,Delgadillo Nava,FCFM,4,9.75,100.0,4.0,https://www.misprofesores.com/profesores/Joel-Antonio-Delgadillo-Nava_142772
58993,Jose Fernando (Big Show),Delgado,Modelado por computadora,16,5.5625,44.0,3.5,https://www.misprofesores.com/profesores/Jose-Fernando-(Big-Show)-Delgado_58993
138552,Sandy,Deyanira De La Rosa Martinez,FCFM/Programacion basica,4,8.25,75.0,2.0,https://www.misprofesores.com/profesores/Sandy-Deyanira-De-La-Rosa-Martinez_138552
162346,Laura Abad,Diaz,Ingenieria ,1,2.0,0.0,8.0,https://www.misprofesores.com/profesores/Laura-Abad-Diaz_162346
169778,Gladis Mireya,Díaz Murillo,FCFM,1,4.0,0.0,8.0,https://www.misprofesores.com/profesores/Gladis-Mireya-Díaz-Murillo_169778
159536,Arturo Javier,Diaz Pulido,FCFM,2,8.5,100.0,2.0,https://www.misprofesores.com/profesores/Arturo-Javier-Diaz-Pulido_159536
118559,Rolando Valdemar,Domínguez Lozano,FCFM-LCC,11,8.4545,73.0,1.1,https://www.misprofesores.com/profesores/Rolando-Valdemar-Domínguez-Lozano_118559
101326,Monica,Elizondo,Fcfm/Calculo Dif,35,7.4857,74.0,2.8,https://www.misprofesores.com/profesores/Monica-Elizondo_101326
140661,Monica Guadalupe,Elizondo Amaya,facultad,1,3.0,100.0,4.0,https://www.misprofesores.com/profesores/Monica-Guadalupe-Elizondo-Amaya_140661
132286,Mónica Guadalupe,Elizondo Amaya,Fcfm,1,10.0,100.0,0.0,https://www.misprofesores.com/profesores/Mónica-Guadalupe-Elizondo-Amaya_132286
107619,Carlos,Elizondo Espinoza,UANL - FCFM,3,8.0,67.0,0.0,https://www.misprofesores.com/profesores/Carlos-Elizondo-Espinoza_107619
131961,Nora,Elizondo Villarreal,FCFM UANL,0,,0.0,10.0,https://www.misprofesores.com/profesores/Nora-Elizondo-Villarreal_131961
110704,Hernandez Alanis,Enrique,"UANL-FCFM(LSTI,Programa de Seguridad,Criptografia)",13,3.3846,8.0,4.9,https://www.misprofesores.com/profesores/Hernandez-Alanis-Enrique_110704
115227,Elsia,Escamilla,UANL-FCFM,14,8.0,71.0,1.1,https://www.misprofesores.com/profesores/Elsia-Escamilla_115227
110169,Homero Alejandro,Escamilla Rocha,FCFM(Matematicas),19,8.5789,95.0,3.8,https://www.misprofesores.com/profesores/Homero-Alejandro-Escamilla-Rocha_110169
110168,Homero Alejandro,Escamillo Rocha,FCFM(Matematicas),0,,0.0,10.0,https://www.misprofesores.com/profesores/Homero-Alejandro-Escamillo-Rocha_110168
159157,Francisco,Escobar,LSTI,2,10.0,100.0,2.0,https://www.misprofesores.com/profesores/Francisco-Escobar_159157
129292,Jaime Jovanny,Escobedo,Economia,20,8.65,90.0,1.7,https://www.misprofesores.com/profesores/Jaime-Jovanny-Escobedo_129292
140051,Jaime Govanny,Escobedo González,físico matemáticas,1,10.0,100.0,4.0,https://www.misprofesores.com/profesores/Jaime-Govanny-Escobedo-González_140051
138518,Sandra Susana,Espinosa Regalado,Actuaría,2,5.0,0.0,6.0,https://www.misprofesores.com/profesores/Sandra-Susana-Espinosa-Regalado_138518
103101,Adolfo,Espinoza Cruz,UANL - FCFM - Actuaría,6,8.1667,83.0,5.0,https://www.misprofesores.com/profesores/Adolfo-Espinoza-Cruz_103101
127785,Brandon Emanuel,Espinoza Ramirez,LMAD,4,10.0,100.0,0.0,https://www.misprofesores.com/profesores/Brandon-Emanuel-Espinoza-Ramirez_127785
113438,Julio,Estrada,FCFM/Fisica,8,8.125,88.0,2.0,https://www.misprofesores.com/profesores/Julio-Estrada_113438
103527,Rosa María,Estrada,FCFM-Fisica,17,8.3529,82.0,1.9,https://www.misprofesores.com/profesores/Rosa-María-Estrada_103527
160244,Hector Noe,Fernandez Escamilla,Física,5,8.6,100.0,2.4,https://www.misprofesores.com/profesores/Hector-Noe-Fernandez-Escamilla_160244
158988,Héctor Noé,Fernández Escamilla,FCFM,2,6.5,50.0,4.0,https://www.misprofesores.com/profesores/Héctor-Noé-Fernández-Escamilla_158988
149257,Ruben,Fernandez Jasso,LSTI,1,2.0,0.0,8.0,https://www.misprofesores.com/profesores/Ruben-Fernandez-Jasso_149257
113667,Adrian Israel,Flores,FCFM,7,5.1429,29.0,6.3,https://www.misprofesores.com/profesores/Adrian-Israel-Flores_113667
56565,Agustin,Flores Almaraz,FCFM,20,8.75,80.0,0.9,https://www.misprofesores.com/profesores/Agustin-Flores-Almaraz_56565
112353,Francisco,Flores Báez,FCFM/Fisica,7,9.8571,100.0,2.3,https://www.misprofesores.com/profesores/Francisco-Flores-Báez_112353
110405,Hector Raymundo,Flores Cantu,FCFM(Matematicas),21,6.3333,57.0,2.0,https://www.misprofesores.com/profesores/Hector-Raymundo-Flores-Cantu_110405
138504,Daniel,Flores Martinez,Actuaria,2,7.0,0.0,5.0,https://www.misprofesores.com/profesores/Daniel-Flores-Martinez_138504
145205,Nestor Antonio,Flores Martínez,Física,4,6.25,50.0,5.0,https://www.misprofesores.com/profesores/Nestor-Antonio-Flores-Martínez_145205
82554,Israel,Flores Mendoza,UANL - FCFM (Actuaría),14,6.2143,43.0,2.1,https://www.misprofesores.com/profesores/Israel-Flores-Mendoza_82554
110409,Jose Guadalupe,Flores Muñiz,UANL-FCFM(Matemáticas),3,7.0,100.0,1.3,https://www.misprofesores.com/profesores/Jose-Guadalupe-Flores-Muñiz_110409
156712,Eliud,Flores Rodriguez,FCFM,4,9.25,100.0,1.0,https://www.misprofesores.com/profesores/Eliud-Flores-Rodriguez_156712
158736,Eliud,Flores Rrodríguez,FCFM - LSTI,3,4.3333,33.0,6.0,https://www.misprofesores.com/profesores/Eliud-Flores-Rrodríguez_158736
98017,Guillermo,Franco,fcfm,3,9.3333,100.0,0.0,https://www.misprofesores.com/profesores/Guillermo-Franco_98017
66857,Eleazar,Fuentes,FCFM,6,8.0,100.0,1.7,https://www.misprofesores.com/profesores/Eleazar-Fuentes_66857
91752,Fernando,Galvan,Fcfm,12,9.4167,92.0,1.8,https://www.misprofesores.com/profesores/Fernando-Galvan_91752
145379,Miguel Angel,Galvan Jara,FCFM,5,9.4,100.0,0.8,https://www.misprofesores.com/profesores/Miguel-Angel-Galvan-Jara_145379
112119,Carlos Ken,Gálvez Barranco,UANL FCFM - Actuaría,9,4.2222,33.0,0.7,https://www.misprofesores.com/profesores/Carlos-Ken-Gálvez-Barranco_112119
131704,Rosa Alicia,Gamez,FCFM UANL,6,3.8333,17.0,6.7,https://www.misprofesores.com/profesores/Rosa-Alicia-Gamez_131704
157365,Rosy,Gamez,Físico Matemático ,0,,0.0,10.0,https://www.misprofesores.com/profesores/Rosy-Gamez_157365
142454,Jerson Aldair,Gamez Castro,LMAD,6,7.1667,50.0,2.7,https://www.misprofesores.com/profesores/Jerson-Aldair-Gamez-Castro_142454
62512,Rosa Alicia,Gámez De La Garza,Matemáticas,78,4.6923,31.0,7.0,https://www.misprofesores.com/profesores/Rosa-Alicia-Gámez-De-La-Garza_62512
133874,Rosa Alicia,Gamez De La Garza,FCFM UANL,22,2.6364,0.0,7.6,https://www.misprofesores.com/profesores/Rosa-Alicia-Gamez-De-La-Garza_133874
78870,Daniel,Garcia,FCMF,3,6.6667,67.0,4.7,https://www.misprofesores.com/profesores/Daniel-Garcia_78870
102588,Flor,García,Fisica Basica ,2,9.0,100.0,0.0,https://www.misprofesores.com/profesores/Flor-García_102588
78869,Daniel,Garcia,FCMF/MAP,4,10.0,100.0,4.0,https://www.misprofesores.com/profesores/Daniel-Garcia_78869
39692,Alex,Garcia,Lab. de CD y SE,8,9.75,100.0,3.7,https://www.misprofesores.com/profesores/Alex-Garcia_39692
170889,Delia Susana,Garcia Campos,FCFM/Actuaria,1,7.0,100.0,4.0,https://www.misprofesores.com/profesores/Delia-Susana-Garcia-Campos_170889
111098,Flor Araceli,Garcia Castillo,UANL-FCFM,9,7.8889,67.0,2.0,https://www.misprofesores.com/profesores/Flor-Araceli-Garcia-Castillo_111098
110590,Jair Brando,Garcia Castillo,UANL-FCFM(SISTEMAS OPERATIVOS),7,7.0,71.0,3.4,https://www.misprofesores.com/profesores/Jair-Brando-Garcia-Castillo_110590
137913,Arturo Gabriel,Garcia Fernandez,FCFM/LCC/LMAD,0,,0.0,10.0,https://www.misprofesores.com/profesores/Arturo-Gabriel-Garcia-Fernandez_137913
138057,Arturo Gabriel,Garcia Fernandez,Programación,9,7.5556,44.0,2.9,https://www.misprofesores.com/profesores/Arturo-Gabriel-Garcia-Fernandez_138057
93092,Lilia Guadalupe,García Figueroa,FCFM,40,7.2,68.0,2.8,https://www.misprofesores.com/profesores/Lilia-Guadalupe-García-Figueroa_93092
110846,David Alejandro,Garcia Lopez,Laboratorio programacion,3,7.3333,33.0,0.7,https://www.misprofesores.com/profesores/David-Alejandro-Garcia-Lopez_110846
93606,Christian,Garcia Marquez,FCFM,5,8.6,80.0,0.8,https://www.misprofesores.com/profesores/Christian-Garcia-Marquez_93606
97892,Manuel,García Méndez,FCFM,3,7.0,67.0,3.3,https://www.misprofesores.com/profesores/Manuel-García-Méndez_97892
147621,Felipe Sebastian,Garcia Perez,FCFM UANL,2,8.5,100.0,1.0,https://www.misprofesores.com/profesores/Felipe-Sebastian-Garcia-Perez_147621
102873,Beatriz Alejandra,Garcia Ramos,FCFM/Matemáticas,10,9.6,100.0,1.0,https://www.misprofesores.com/profesores/Beatriz-Alejandra-Garcia-Ramos_102873
147656,Armass Carolina Rubí,García Sanchez,LMAD,5,8.4,100.0,4.0,https://www.misprofesores.com/profesores/Armass-Carolina-Rubí-García-Sanchez_147656
130823,Juan Carlos,García Vélez,FCFM,4,8.75,100.0,3.0,https://www.misprofesores.com/profesores/Juan-Carlos-García-Vélez_130823
106677,Adriana,Garza,FCFM,16,8.5,81.0,2.7,https://www.misprofesores.com/profesores/Adriana-Garza_106677
112205,Ana Karen,Garza,UANL-FCFM(Matemáticas),0,,0.0,10.0,https://www.misprofesores.com/profesores/Ana-Karen-Garza_112205
170962,Alondra,Garza,UANL - FCFM,1,10.0,100.0,4.0,https://www.misprofesores.com/profesores/Alondra-Garza_170962
140627,Alison,Garza Alonso,Probabilidad Basica,4,7.0,50.0,6.5,https://www.misprofesores.com/profesores/Alison-Garza-Alonso_140627
167319,Adriana Guadalupe,Garza Alvarez,FCFM ,1,4.0,0.0,6.0,https://www.misprofesores.com/profesores/Adriana-Guadalupe-Garza-Alvarez_167319
121348,Aaron,Garza Duarte,FCFM ,14,6.4286,50.0,2.9,https://www.misprofesores.com/profesores/Aaron-Garza-Duarte_121348
109778,Luis Gerardo,Garza Garza,FCFM/LCC,36,8.3611,94.0,0.7,https://www.misprofesores.com/profesores/Luis-Gerardo-Garza-Garza_109778
148055,Gerardo,Garza Garza,FCFM,0,,0.0,10.0,https://www.misprofesores.com/profesores/Gerardo-Garza-Garza_148055
97982,Irma Leticia,Garza González,UANL - FCFM,17,6.0588,35.0,5.1,https://www.misprofesores.com/profesores/Irma-Leticia-Garza-González_97982
113425,Irma Leticia,Garza González,FCFM,0,,0.0,10.0,https://www.misprofesores.com/profesores/Irma-Leticia-Garza-González_113425
160306,Lucio Abraham Arnoldo,Garza Leyva,FCFM,3,6.3333,67.0,2.7,https://www.misprofesores.com/profesores/Lucio-Abraham-Arnoldo-Garza-Leyva_160306
112286,Israel,Garza Lopez,UANL-FCFM(Fisica-Matematicas),0,,0.0,10.0,https://www.misprofesores.com/profesores/Israel-Garza-Lopez_112286
153180,Adolfo,Garza Salazar,Fcfm ,4,9.0,100.0,3.0,https://www.misprofesores.com/profesores/Adolfo-Garza-Salazar_153180
58455,Jorge Arturo,Garza Venegas,Matematicas,15,8.4,73.0,5.2,https://www.misprofesores.com/profesores/Jorge-Arturo-Garza-Venegas_58455
106079,Tomasa,Gaytán Barraza,FCFM/EA&S,19,9.2105,100.0,1.2,https://www.misprofesores.com/profesores/Tomasa-Gaytán-Barraza_106079
142992,Franco,Gelon,FCFM UANL,0,,0.0,10.0,https://www.misprofesores.com/profesores/Franco-Gelon_142992
118599,Raúl,Gómez Muñoz,Matemáticas,1,9.0,100.0,2.0,https://www.misprofesores.com/profesores/Raúl-Gómez-Muñoz_118599
102704,Raúl,Gomez Muñóz,FCFM,25,9.12,100.0,1.5,https://www.misprofesores.com/profesores/Raúl-Gomez-Muñóz_102704
112072,Jose Luis,Gomez Ortega,FCFM,22,2.9091,0.0,7.0,https://www.misprofesores.com/profesores/Jose-Luis-Gomez-Ortega_112072
74331,Diego Gerardo,Gómez Pérez,UANL- FCFM,50,9.9,100.0,1.0,https://www.misprofesores.com/profesores/Diego-Gerardo-Gómez-Pérez_74331
127758,Sheila,Gonzales Sánchez,Fcfm Uanl ,14,4.6429,21.0,4.7,https://www.misprofesores.com/profesores/Sheila-Gonzales-Sánchez_127758
113449,Gerardo,González,FCFM / Actuaría,8,9.625,100.0,2.7,https://www.misprofesores.com/profesores/Gerardo-González_113449
129315,Dante Eduardo,Gonzalez,Logica Digital ,2,9.0,100.0,2.0,https://www.misprofesores.com/profesores/Dante-Eduardo-Gonzalez_129315
34765,Heriberto,González,Cásares,3,5.6667,67.0,3.3,https://www.misprofesores.com/profesores/Heriberto-González_34765
129316,Dante Eduardo,Gonzalez,FCFM ,1,9.0,100.0,4.0,https://www.misprofesores.com/profesores/Dante-Eduardo-Gonzalez_129316
102663,Omar,Gonzalez Amezcua,fisica,16,9.1875,94.0,1.6,https://www.misprofesores.com/profesores/Omar-Gonzalez-Amezcua_102663
56579,Osvaldo Habib,González González,Programación,43,7.8372,79.0,4.3,https://www.misprofesores.com/profesores/Osvaldo-Habib-González-González_56579
129468,Ceila Merari,González Hernández,Metodología de la programación,0,,0.0,10.0,https://www.misprofesores.com/profesores/Ceila-Merari-González-Hernández_129468
129469,Ceila Merari,González Hernández,FCFM,5,8.8,80.0,0.4,https://www.misprofesores.com/profesores/Ceila-Merari-González-Hernández_129469
145596,Mario Alberto,González Medina,Fcfm,4,8.5,100.0,6.0,https://www.misprofesores.com/profesores/Mario-Alberto-González-Medina_145596
102575,Luis Felipe,González Rivas,Matemáticas ,2,10.0,100.0,2.0,https://www.misprofesores.com/profesores/Luis-Felipe-González-Rivas_102575
138195,Brandon Alexis,Gonzalez Rivera,LMAD,4,9.0,100.0,3.5,https://www.misprofesores.com/profesores/Brandon-Alexis-Gonzalez-Rivera_138195
152525,Benito,González Rocha,FCFM,4,7.25,100.0,1.5,https://www.misprofesores.com/profesores/Benito-González-Rocha_152525
141735,Abraham Antonio,Gonzalez Roque,Facultad de ciencias fisico matematicas,5,4.0,20.0,4.8,https://www.misprofesores.com/profesores/Abraham-Antonio-Gonzalez-Roque_141735
98016,"Gabriela,",González Salinas,fcfm,1,8.0,100.0,2.0,"https://www.misprofesores.com/profesores/Gabriela,-González-Salinas_98016"
93358,Aarón,González Vázquez,FCFM /Actuaría,4,5.75,75.0,3.5,https://www.misprofesores.com/profesores/Aarón-González-Vázquez_93358
114715,Miguel Angel,Gracia,UANL-FCFM(Fisica),23,6.087,52.0,4.4,https://www.misprofesores.com/profesores/Miguel-Angel-Gracia_114715
56683,Nora,Grimaldo,FOGU/FCFM,29,3.8276,24.0,4.6,https://www.misprofesores.com/profesores/Nora-Grimaldo_56683
121563,Brenda,Grimaldo,FCFM/ FOGU,16,6.0625,50.0,2.5,https://www.misprofesores.com/profesores/Brenda-Grimaldo_121563
95109,María Esther,Grimaldo Reyna,FCFM,31,9.0323,94.0,1.4,https://www.misprofesores.com/profesores/María-Esther-Grimaldo-Reyna_95109
123966,Elizabeth,Guajardo,Facultad Ciencias Fisico Matematico ,2,9.5,100.0,0.0,https://www.misprofesores.com/profesores/Elizabeth-Guajardo_123966
111916,Claudio,Guajardo,fcfm/telecomunicaciones,3,7.0,100.0,2.7,https://www.misprofesores.com/profesores/Claudio-Guajardo_111916
104279,Luis,Guajardo,Fcfm,3,7.6667,67.0,2.7,https://www.misprofesores.com/profesores/Luis-Guajardo_104279
56421,Elizabeth,Guajardo,Matemáticas ll,46,9.6087,96.0,1.7,https://www.misprofesores.com/profesores/Elizabeth-Guajardo_56421
149986,Abdiel Isaías,Guajardo Soto,FCFM,10,8.7,90.0,1.6,https://www.misprofesores.com/profesores/Abdiel-Isaías-Guajardo-Soto_149986
129284,Marcela,Guel,FCFM,2,8.0,100.0,2.0,https://www.misprofesores.com/profesores/Marcela-Guel_129284
58948,Eric,Guerrero,Actuaría,11,8.5455,82.0,2.5,https://www.misprofesores.com/profesores/Eric-Guerrero_58948
153072,Gilbran De Jesus,Guerrero Benavides,Laboratorio de Programación ,6,9.5,100.0,0.3,https://www.misprofesores.com/profesores/Gilbran-De-Jesus-Guerrero-Benavides_153072
57318,Yazmany Jahaziel,Guerrero Ceja,Teoría de Autómatas,69,9.4348,96.0,1.8,https://www.misprofesores.com/profesores/Yazmany-Jahaziel-Guerrero-Ceja_57318
138551,Maria Fernanda,Guerrero Pardo,Actuaria,1,6.0,0.0,6.0,https://www.misprofesores.com/profesores/Maria-Fernanda-Guerrero-Pardo_138551
129614,Fernando,Guerrero Velez,Matematicas ,1,9.0,100.0,2.0,https://www.misprofesores.com/profesores/Fernando-Guerrero-Velez_129614
77023,Martin,Guerrero Villa,FCFM/Física,4,8.0,75.0,0.0,https://www.misprofesores.com/profesores/Martin-Guerrero-Villa_77023
121301,Mario Alberto,Gutierrez  Carrales,Fcfm lsti,22,9.3636,91.0,1.4,https://www.misprofesores.com/profesores/Mario-Alberto-Gutierrez--Carrales_121301
149259,Andres,Gutierrez Castano,Laboratorio de Seguridad en Aplicaciones,3,5.3333,100.0,2.7,https://www.misprofesores.com/profesores/Andres-Gutierrez-Castano_149259
110890,Aldo Americo,Gutierrez Contreras,"UANL-FCFM(Modelado Organico,LMAD)",2,9.5,100.0,4.0,https://www.misprofesores.com/profesores/Aldo-Americo-Gutierrez-Contreras_110890
131954,Claudio Davet,Gutierrez Lazos,FCFM UANL,39,9.8718,100.0,0.9,https://www.misprofesores.com/profesores/Claudio-Davet-Gutierrez-Lazos_131954
109771,Valentin,Guzman Ramos,FCFM/FISICA,18,6.0556,56.0,1.0,https://www.misprofesores.com/profesores/Valentin-Guzman-Ramos_109771
121273,Osvaldo,Habib,FCFM,0,,0.0,10.0,https://www.misprofesores.com/profesores/Osvaldo-Habib_121273
93020,Norberto,Hernandez,FCFM / ACTUARIA,3,9.3333,100.0,0.7,https://www.misprofesores.com/profesores/Norberto-Hernandez_93020
112204,Roberto,Hernandez,UANL-FCFM(Matemáticas),6,8.8333,83.0,2.3,https://www.misprofesores.com/profesores/Roberto-Hernandez_112204
103669,Karla,Hernández,Física Básica,30,6.9667,57.0,3.8,https://www.misprofesores.com/profesores/Karla-Hernández_103669
132285,Gilda Paulina,Hernández Arevalo,FCFM,9,5.5556,33.0,3.1,https://www.misprofesores.com/profesores/Gilda-Paulina-Hernández-Arevalo_132285
62782,Jorge,Hernandez Baez,FCFM / LCC,22,6.9091,73.0,1.4,https://www.misprofesores.com/profesores/Jorge-Hernandez-Baez_62782
136731,Freddy,Hernandez Facio,FCFM UANL,0,,0.0,10.0,https://www.misprofesores.com/profesores/Freddy-Hernandez-Facio_136731
110701,Eloy,Hernandez Frias,"UANL-FCFM(LMAD,Fundamentos de Videojuegos)",7,9.7143,100.0,1.1,https://www.misprofesores.com/profesores/Eloy-Hernandez-Frias_110701
78428,Miguel,Hernández González,UANL- FCFM,18,3.7778,11.0,6.7,https://www.misprofesores.com/profesores/Miguel-Hernández-González_78428
138094,Jesus Roberto,Hernandez Moreno,FCFM,6,6.3333,83.0,0.7,https://www.misprofesores.com/profesores/Jesus-Roberto-Hernandez-Moreno_138094
110639,Marissa Esmeralda,Hernandez Oyervides,"UANL-FCFM(Programacion,Base de Datos)",19,9.1579,89.0,1.1,https://www.misprofesores.com/profesores/Marissa-Esmeralda-Hernandez-Oyervides_110639
124423,Blanca Gisselle,Hernandez Robles,LSTI,2,9.5,100.0,1.0,https://www.misprofesores.com/profesores/Blanca-Gisselle-Hernandez-Robles_124423
110739,Jose Anastacio,Hernandez Saldaña,"UANL-FCFM(LCC-LSTI,Base de Datos,Teoria de Automat",15,7.2667,73.0,2.7,https://www.misprofesores.com/profesores/Jose-Anastacio-Hernandez-Saldaña_110739
129278,Guadalupe,Hernandez Sanchez,Matemáticas ,25,7.48,72.0,4.0,https://www.misprofesores.com/profesores/Guadalupe-Hernandez-Sanchez_129278
129178,Guadalupe,Hernández Sánchez,Facultas de Ciencias Físico Matemáticas ,3,6.6667,67.0,5.3,https://www.misprofesores.com/profesores/Guadalupe-Hernández-Sánchez_129178
86182,Diana,Hernández Uresti,FCFM/UANL,6,3.6667,17.0,5.3,https://www.misprofesores.com/profesores/Diana-Hernández-Uresti_86182
102661,Diana Berenice,Hernandez Uresti,fcfm-uanl,19,4.2632,21.0,6.0,https://www.misprofesores.com/profesores/Diana-Berenice-Hernandez-Uresti_102661
169870,Gerardo,Hernández Valdez,FCFM,1,8.0,100.0,6.0,https://www.misprofesores.com/profesores/Gerardo-Hernández-Valdez_169870
108655,Rosa Isela,Hernandez Zamora,Actuaría,32,6.6875,50.0,4.5,https://www.misprofesores.com/profesores/Rosa-Isela-Hernandez-Zamora_108655
110782,Luis Gerardo,Herrera Cervera,UANL-FCFM(Programación),0,,0.0,10.0,https://www.misprofesores.com/profesores/Luis-Gerardo-Herrera-Cervera_110782
165042,Cesar Tadeo,Herrera Matamoros,FCFM - LMAD,3,4.6667,67.0,3.3,https://www.misprofesores.com/profesores/Cesar-Tadeo-Herrera-Matamoros_165042
167238,Maria Del Rosario,Herrera Rivera,FCFM / LCC,1,10.0,100.0,0.0,https://www.misprofesores.com/profesores/Maria-Del-Rosario-Herrera-Rivera_167238
167237,Maria Del Rosario,Herrera Rivera,FCFM,1,10.0,100.0,0.0,https://www.misprofesores.com/profesores/Maria-Del-Rosario-Herrera-Rivera_167237
58544,Cruz Elena,Ibarra,Matematicas,13,8.6923,92.0,2.8,https://www.misprofesores.com/profesores/Cruz-Elena-Ibarra_58544
155466,Arturo,Ibarra Garcia,FCFM/LMAD ,1,8.0,100.0,0.0,https://www.misprofesores.com/profesores/Arturo-Ibarra-Garcia_155466
155465,Arturo,Ibarra Garcia,FCFM/LMAD Programacion Basica,0,,0.0,10.0,https://www.misprofesores.com/profesores/Arturo-Ibarra-Garcia_155465
110703,Luis Alfonso,Infante Rivera,UANL-FCFM(Programacion),1,7.0,100.0,4.0,https://www.misprofesores.com/profesores/Luis-Alfonso-Infante-Rivera_110703
95502,Jorge,Islas,FCFM/Bioinformática,12,5.9167,50.0,2.0,https://www.misprofesores.com/profesores/Jorge-Islas_95502
158566,Yulitza Yazmin,Jacobo Romero,FCFM/ Matemáticas,2,9.5,100.0,4.0,https://www.misprofesores.com/profesores/Yulitza-Yazmin-Jacobo-Romero_158566
58327,Hernan,Jasso,POO,15,8.6,87.0,2.1,https://www.misprofesores.com/profesores/Hernan-Jasso_58327
164282,Hernan Evelio,Jasso Gonzales,FCFM / LCC,0,,0.0,10.0,https://www.misprofesores.com/profesores/Hernan-Evelio-Jasso-Gonzales_164282
140060,Valeria,Jauregui Ibanez,Fcfm,3,4.3333,33.0,2.7,https://www.misprofesores.com/profesores/Valeria-Jauregui-Ibanez_140060
158942,Mario,Jaymes,FCFM ,4,4.75,0.0,5.0,https://www.misprofesores.com/profesores/Mario-Jaymes_158942
62575,Manuel,Jimenez,Algebra,19,3.8947,21.0,5.3,https://www.misprofesores.com/profesores/Manuel-Jimenez_62575
112407,Eduardo,Jimenez Cruz,FCFM,4,10.0,100.0,0.0,https://www.misprofesores.com/profesores/Eduardo-Jimenez-Cruz_112407
146056,Jesus Isaias,Jimenez Lara,LSTI,3,7.0,33.0,6.7,https://www.misprofesores.com/profesores/Jesus-Isaias-Jimenez-Lara_146056
131958,Manuel Alejandro,Jimenez Lizarraga,FCFM UANL,0,,0.0,10.0,https://www.misprofesores.com/profesores/Manuel-Alejandro-Jimenez-Lizarraga_131958
152873,Laura,Josefina Martínez López,Fcfm/Geometría analítica ,4,5.5,50.0,5.5,https://www.misprofesores.com/profesores/Laura-Josefina-Martínez-López_152873
58945,Maria Luisa,Juarez,Computacion,17,6.6471,65.0,1.6,https://www.misprofesores.com/profesores/Maria-Luisa-Juarez_58945
131964,Nataliya,Kalashnykova,FCFM UANL,0,,0.0,10.0,https://www.misprofesores.com/profesores/Nataliya-Kalashnykova_131964
110881,Happy Face,Karen Godinez,FCFM uanl,2,10.0,100.0,0.0,https://www.misprofesores.com/profesores/Happy-Face-Karen-Godinez_110881
112153,Eli Martin,Lafuente Guerra,Fisico matmaticas,22,8.4091,86.0,0.7,https://www.misprofesores.com/profesores/Eli-Martin-Lafuente-Guerra_112153
138554,Felipe Israel,Lagunas Ramirez,Actuaría ,7,9.5714,100.0,1.4,https://www.misprofesores.com/profesores/Felipe-Israel-Lagunas-Ramirez_138554
138553,Felipe Israel,Lagunas Ramirez,Seguro de daños,0,,0.0,10.0,https://www.misprofesores.com/profesores/Felipe-Israel-Lagunas-Ramirez_138553
78866,Raul,Lamadrid,FCFM - Mecánica para el diseño de simuladores,2,2.0,0.0,8.0,https://www.misprofesores.com/profesores/Raul-Lamadrid_78866
75187,Alejandro,Lara,FCFM / Fisica,50,4.48,34.0,4.6,https://www.misprofesores.com/profesores/Alejandro-Lara_75187
111733,Maria Del Refugio,Lara Chavez,Fcfm,21,9.5714,100.0,1.1,https://www.misprofesores.com/profesores/Maria-Del-Refugio-Lara-Chavez_111733
56731,Mariel,Leal,Fundamentos de las Gráficas Computacionales,2,9.5,100.0,0.0,https://www.misprofesores.com/profesores/Mariel-Leal_56731
62784,Martha,Ledezma,FCFM - LCC,17,6.4118,47.0,3.3,https://www.misprofesores.com/profesores/Martha-Ledezma_62784
156323,Hector Guadalupe,Ledezma Serna,FCFM,3,7.6667,100.0,1.3,https://www.misprofesores.com/profesores/Hector-Guadalupe-Ledezma-Serna_156323
155235,Hector Manuel,Leija Gutierez,FCFM,1,9.0,100.0,2.0,https://www.misprofesores.com/profesores/Hector-Manuel-Leija-Gutierez_155235
105077,Hector Manuel,Lejia Gutierrez,FCFM,8,8.125,100.0,2.5,https://www.misprofesores.com/profesores/Hector-Manuel-Lejia-Gutierrez_105077
106708,Carlos Eduardo,Licea Peña,FCFM/LCC,25,6.28,56.0,3.4,https://www.misprofesores.com/profesores/Carlos-Eduardo-Licea-Peña_106708
168126,Eduardo Jair,Lino De Leon,LSTI,1,10.0,100.0,0.0,https://www.misprofesores.com/profesores/Eduardo-Jair-Lino-De-Leon_168126
56306,Omar,Lira,Artes,26,7.0769,65.0,2.3,https://www.misprofesores.com/profesores/Omar-Lira_56306
34763,Juan Antonio,López,Maestro,19,9.1053,84.0,5.7,https://www.misprofesores.com/profesores/Juan-Antonio-López_34763
165414,Valeria,Lopez,FCFM - Actuaria,1,7.0,100.0,0.0,https://www.misprofesores.com/profesores/Valeria-Lopez_165414
118585,Alberti,Lopez,FCFM LA,2,6.5,50.0,4.0,https://www.misprofesores.com/profesores/Alberti-Lopez_118585
121303,Elizabeth,Lopez Alanis,Fcfm,0,,0.0,10.0,https://www.misprofesores.com/profesores/Elizabeth-Lopez-Alanis_121303
85716,Elizabeth,Lopez Alaniz,FCFM,20,8.3,80.0,2.2,https://www.misprofesores.com/profesores/Elizabeth-Lopez-Alaniz_85716
134847,José Alberto,López Alvarado,Fcfm ,4,8.5,75.0,2.0,https://www.misprofesores.com/profesores/José-Alberto-López-Alvarado_134847
158904,José Alberto,López Alvarez,FCFM Actuaría,1,2.0,0.0,8.0,https://www.misprofesores.com/profesores/José-Alberto-López-Alvarez_158904
165827,Joaquin,Lopez De La Cruz,"FCFM (Matemáticas, Actuaría)",2,7.5,100.0,1.0,https://www.misprofesores.com/profesores/Joaquin-Lopez-De-La-Cruz_165827
170122,José Armando,López Flores,LSTI,1,6.0,0.0,8.0,https://www.misprofesores.com/profesores/José-Armando-López-Flores_170122
111009,Ricardo,López Fuentes,FCFM,10,8.9,90.0,2.0,https://www.misprofesores.com/profesores/Ricardo-López-Fuentes_111009
113480,Saul Ricardo,Lopez Fuentes,Fcfm,4,8.25,100.0,2.0,https://www.misprofesores.com/profesores/Saul-Ricardo-Lopez-Fuentes_113480
119482,Ricardo Saul,Lopez Fuentes,FCFM,3,9.6667,100.0,2.0,https://www.misprofesores.com/profesores/Ricardo-Saul-Lopez-Fuentes_119482
129312,Francisco Jose,Lopez Hernandez,FCFM ,13,6.9231,46.0,4.2,https://www.misprofesores.com/profesores/Francisco-Jose-Lopez-Hernandez_129312
152824,Luis Pedro,López Pérez,Fcfm/estructuras de datos ,4,8.0,75.0,2.0,https://www.misprofesores.com/profesores/Luis-Pedro-López-Pérez_152824
152780,Juan Francisco,López Ramírez,FCFM,2,8.5,100.0,6.0,https://www.misprofesores.com/profesores/Juan-Francisco-López-Ramírez_152780
129396,Lilia,Lopez Vera,FCFM,7,8.8571,100.0,3.4,https://www.misprofesores.com/profesores/Lilia-Lopez-Vera_129396
102705,Jorge Luis,Lopez Villareal,FCFM/Matemáticas,1,10.0,100.0,4.0,https://www.misprofesores.com/profesores/Jorge-Luis-Lopez-Villareal_102705
56558,Jose Apolinar,Loyola,FCFM,15,7.8,93.0,4.1,https://www.misprofesores.com/profesores/Jose-Apolinar-Loyola_56558
121261,Dominguez,Lozano Angel Adrian,FCFM,3,9.6667,100.0,1.3,https://www.misprofesores.com/profesores/Dominguez-Lozano-Angel-Adrian_121261
58047,Emmanuel,Lozoya,POO,1,10.0,100.0,4.0,https://www.misprofesores.com/profesores/Emmanuel-Lozoya_58047
164682,Eliud,Luna,FCFM - Ciencias Computacionales,0,,0.0,10.0,https://www.misprofesores.com/profesores/Eliud-Luna_164682
86234,Carlos,Luna Criado,FCFM,3,9.6667,100.0,2.0,https://www.misprofesores.com/profesores/Carlos-Luna-Criado_86234
129296,Mayra Alejandra,Luna Peña,Físico Mate,10,9.7,100.0,0.6,https://www.misprofesores.com/profesores/Mayra-Alejandra-Luna-Peña_129296
118399,Gil Aleida,Magdalena,FCFM,12,9.5833,92.0,0.0,https://www.misprofesores.com/profesores/Gil-Aleida-Magdalena_118399
93021,Sayuri,Maldonado,FCFM / ACTUARIA,6,9.1667,100.0,1.0,https://www.misprofesores.com/profesores/Sayuri-Maldonado_93021
57666,Juan Carlos,Maldonado,FCFM / Ingeniería Social,3,10.0,100.0,0.0,https://www.misprofesores.com/profesores/Juan-Carlos-Maldonado_57666
100681,Salvador,Mancilla Hernández,FCFM,21,6.7619,62.0,5.1,https://www.misprofesores.com/profesores/Salvador-Mancilla-Hernández_100681
115661,Edgar,Marínez Guerra,FCFM,7,9.0,71.0,3.4,https://www.misprofesores.com/profesores/Edgar-Marínez-Guerra_115661
140761,Iván,Márquez Olmos,Multimedia y Animación Digital ,0,,0.0,10.0,https://www.misprofesores.com/profesores/Iván-Márquez-Olmos_140761
140762,Iván,Márquez Olmos,LMAD,0,,0.0,10.0,https://www.misprofesores.com/profesores/Iván-Márquez-Olmos_140762
118634,Emilio,Martinez,FCFM,4,9.5,100.0,2.0,https://www.misprofesores.com/profesores/Emilio-Martinez_118634
102830,David,Martinez,Matemáticas ,2,5.0,50.0,0.0,https://www.misprofesores.com/profesores/David-Martinez_102830
132059,Yessica Marisol,Martínez,FCFM,1,9.0,100.0,2.0,https://www.misprofesores.com/profesores/Yessica-Marisol-Martínez_132059
110408,Karen De Jesus,Martinez Acevedo,FCFM(Matematicas),15,9.8,93.0,1.3,https://www.misprofesores.com/profesores/Karen-De-Jesus-Martinez-Acevedo_110408
169795,Damian Atilano,Martinez Alvarado,FCFM,1,10.0,100.0,4.0,https://www.misprofesores.com/profesores/Damian-Atilano-Martinez-Alvarado_169795
111102,Maria Del Carmen,Martinez Cejudo,UANL-FCFM(Analisis Numerico),11,9.0,100.0,1.8,https://www.misprofesores.com/profesores/Maria-Del-Carmen-Martinez-Cejudo_111102
78426,Martín,Martínez Domínguez,UANL- FCFM,13,7.8462,77.0,2.3,https://www.misprofesores.com/profesores/Martín-Martínez-Domínguez_78426
129294,Yessica Marisol,Martínez Esquivel,FCFM,3,8.6667,67.0,4.0,https://www.misprofesores.com/profesores/Yessica-Marisol-Martínez-Esquivel_129294
62582,Laura Josefina,Martinez Flores,FCFM,43,6.0233,51.0,4.7,https://www.misprofesores.com/profesores/Laura-Josefina-Martinez-Flores_62582
110171,Atilano,Martinez Huerta,UANL-FCFM(Base de Datos),6,8.6667,50.0,0.0,https://www.misprofesores.com/profesores/Atilano-Martinez-Huerta_110171
110407,Leonardo Daniel,Martinez Lucio,FCFM(Matematicas),29,7.8276,79.0,3.5,https://www.misprofesores.com/profesores/Leonardo-Daniel-Martinez-Lucio_110407
113417,Leonardo Daniel,Martinez Lucio,FCFM,0,,0.0,10.0,https://www.misprofesores.com/profesores/Leonardo-Daniel-Martinez-Lucio_113417
124757,Miguel Angel,Martinez Martinez,UANL- FCFM,9,4.3333,33.0,6.0,https://www.misprofesores.com/profesores/Miguel-Angel-Martinez-Martinez_124757
59045,Miguel Ángel,Martínez Martínez,,7,9.1429,100.0,1.7,https://www.misprofesores.com/profesores/Miguel-Ángel-Martínez-Martínez_59045
59044,Miguel Ángel,Martínez Martínez,Gráficas/Modelado,4,9.25,100.0,2.5,https://www.misprofesores.com/profesores/Miguel-Ángel-Martínez-Martínez_59044
85711,Patricia,Martínez Moreno,FCFM/LCC,4,9.5,75.0,2.5,https://www.misprofesores.com/profesores/Patricia-Martínez-Moreno_85711
147679,Eva Mirella,Martinez Rodriguez,FCFM,7,4.2857,14.0,7.1,https://www.misprofesores.com/profesores/Eva-Mirella-Martinez-Rodriguez_147679
145637,Jesus Eduardo,Martínez Rodríguez,FCFM,5,6.6,100.0,1.2,https://www.misprofesores.com/profesores/Jesus-Eduardo-Martínez-Rodríguez_145637
121055,Luis,Mata Zamora,FCFM/LSTI,1,10.0,100.0,0.0,https://www.misprofesores.com/profesores/Luis-Mata-Zamora_121055
94463,Jhosban,Mayor,Fcfm,25,8.64,92.0,3.1,https://www.misprofesores.com/profesores/Jhosban-Mayor_94463
97956,Priscila,Medellín,FCFM ,2,8.0,100.0,0.0,https://www.misprofesores.com/profesores/Priscila-Medellín_97956
58326,Edna,Medina,"PAC, CO, Automatas, Base de Datos",45,5.9778,42.0,4.4,https://www.misprofesores.com/profesores/Edna-Medina_58326
128748,Angel Adrián,Medrano Galván,FCFM/LMAD,8,9.5,100.0,3.0,https://www.misprofesores.com/profesores/Angel-Adrián-Medrano-Galván_128748
110783,Jorge Luis,Menchaca Arredondo,UANL-FCFM(Fisica),7,3.5714,29.0,2.0,https://www.misprofesores.com/profesores/Jorge-Luis-Menchaca-Arredondo_110783
137180,Julio,Mendez,"UANL - FCFM(Dibujo,Animacion)",3,8.0,67.0,3.3,https://www.misprofesores.com/profesores/Julio-Mendez_137180
102717,Hector Damian,Mendez Davila,Matemáticas,16,6.25,50.0,5.7,https://www.misprofesores.com/profesores/Hector-Damian-Mendez-Davila_102717
109772,Adrian,Mendoza Almaguer,FCFM/MATEMATICAS,18,7.8333,83.0,2.3,https://www.misprofesores.com/profesores/Adrian-Mendoza-Almaguer_109772
82632,Raquel,Mendoza Resendez,FCFM,12,4.6667,42.0,5.2,https://www.misprofesores.com/profesores/Raquel-Mendoza-Resendez_82632
82631,Raquel,Mendoza Resendez,Tópicos de Álgebra,0,,0.0,10.0,https://www.misprofesores.com/profesores/Raquel-Mendoza-Resendez_82631
129416,Carlos,Merla Villafuerta,Telecomunicaciones ,6,9.6667,100.0,1.0,https://www.misprofesores.com/profesores/Carlos-Merla-Villafuerta_129416
143095,Alberto,Meza,FCFM/LCC,4,9.75,100.0,2.0,https://www.misprofesores.com/profesores/Alberto-Meza_143095
114302,Borre,Miado,Lcc,0,,0.0,10.0,https://www.misprofesores.com/profesores/Borre-Miado_114302
56416,Eva,Mirella,matematicas varias,64,6.3281,39.0,4.8,https://www.misprofesores.com/profesores/Eva-Mirella_56416
140593,Eva,Mirella Martinez Rodriguez,FCFM,1,2.0,0.0,8.0,https://www.misprofesores.com/profesores/Eva-Mirella-Martinez-Rodriguez_140593
103100,Eduardo Douglas,Molina Córdova,UANL - FCFM,2,9.5,100.0,2.0,https://www.misprofesores.com/profesores/Eduardo-Douglas-Molina-Córdova_103100
132331,Maria Margarita M.L,Molina De La Torre,FCFM,18,9.3889,100.0,1.2,https://www.misprofesores.com/profesores/Maria-Margarita-M.L-Molina-De-La-Torre_132331
160251,Jonathan,Moller,FCFM,0,,0.0,10.0,https://www.misprofesores.com/profesores/Jonathan-Moller_160251
82557,Jonathan Ricardo,Moller Garza,UANL - FCFM,80,8.0625,76.0,3.5,https://www.misprofesores.com/profesores/Jonathan-Ricardo-Moller-Garza_82557
152783,Luisa Alejandra,Monreal Mendez,FCFM,4,9.25,100.0,3.0,https://www.misprofesores.com/profesores/Luisa-Alejandra-Monreal-Mendez_152783
121057,Monica,Montemayor,FCFM/LSTI,10,9.8,100.0,0.6,https://www.misprofesores.com/profesores/Monica-Montemayor_121057
109775,Maria Irene,Montemayor Gonzalez,FCFM,3,7.3333,33.0,2.7,https://www.misprofesores.com/profesores/Maria-Irene-Montemayor-Gonzalez_109775
103103,Héctor Hernán,Montes García,UANL - FCFM,1,8.0,100.0,4.0,https://www.misprofesores.com/profesores/Héctor-Hernán-Montes-García_103103
104280,Rodolfo,Montes Garza,Fcfm,2,9.0,100.0,2.0,https://www.misprofesores.com/profesores/Rodolfo-Montes-Garza_104280
78882,Jose Luis,Montoya,FCFM,70,2.7714,6.0,7.2,https://www.misprofesores.com/profesores/Jose-Luis-Montoya_78882
62786,Wendy,Morales,Artes,13,8.2308,69.0,1.7,https://www.misprofesores.com/profesores/Wendy-Morales_62786
102703,Erick Guillermo,Morales Aldama,FCFM,1,10.0,100.0,6.0,https://www.misprofesores.com/profesores/Erick-Guillermo-Morales-Aldama_102703
146057,Juan Manuel,Morales Castillo,LSTI,1,10.0,100.0,0.0,https://www.misprofesores.com/profesores/Juan-Manuel-Morales-Castillo_146057
153344,Aide,Morales Salazar,FCFM,9,4.2222,22.0,5.6,https://www.misprofesores.com/profesores/Aide-Morales-Salazar_153344
121411,Omar,Moreyra Montoya,FCFM,15,5.1333,47.0,4.9,https://www.misprofesores.com/profesores/Omar-Moreyra-Montoya_121411
131957,Jose Ruben,Morones Ibarra,FCFM UANL,0,,0.0,10.0,https://www.misprofesores.com/profesores/Jose-Ruben-Morones-Ibarra_131957
56301,Jonathan,Mundo Degollado,Bases de Datos,9,9.6667,100.0,4.2,https://www.misprofesores.com/profesores/Jonathan-Mundo-Degollado_56301
159301,Alejandro,Muñiz Solorio,FCFM,3,10.0,100.0,2.7,https://www.misprofesores.com/profesores/Alejandro-Muñiz-Solorio_159301
110700,Adlemy,Muñoz Muñoz,"UANL-FCFM(Psicologia,FOGU)",0,,0.0,10.0,https://www.misprofesores.com/profesores/Adlemy-Muñoz-Muñoz_110700
140843,Yosefat,Nava Alemán,FCFM,11,8.9091,91.0,2.0,https://www.misprofesores.com/profesores/Yosefat-Nava-Alemán_140843
102085,Rhett,Nieto Gutierrez,FCFM-LSTI,3,9.6667,100.0,2.0,https://www.misprofesores.com/profesores/Rhett-Nieto-Gutierrez_102085
158728,Deyani,Nocedo,UANL FCFM,4,9.5,100.0,0.5,https://www.misprofesores.com/profesores/Deyani-Nocedo_158728
132299,Alondra,Nohemi,Cálculo,15,9.2667,93.0,2.3,https://www.misprofesores.com/profesores/Alondra-Nohemi_132299
121269,Eleazar,Oaxaca Fuentes,UANL / FCFM - LSTI,3,9.0,100.0,0.7,https://www.misprofesores.com/profesores/Eleazar-Oaxaca-Fuentes_121269
83825,Sergio,Obregon,FCFM,16,9.8125,100.0,0.2,https://www.misprofesores.com/profesores/Sergio-Obregon_83825
110253,Ricardo,Obregón,Uanl fcfm,1,10.0,100.0,4.0,https://www.misprofesores.com/profesores/Ricardo-Obregón_110253
110404,Ricardo,Obregon Guerra,FCFM(Matematicas),3,3.6667,0.0,4.0,https://www.misprofesores.com/profesores/Ricardo-Obregon-Guerra_110404
163306,María De Jesus,Ochoa Oliva,FCFM/Redes/Laboratorio de Redes,1,4.0,0.0,8.0,https://www.misprofesores.com/profesores/María-De-Jesus-Ochoa-Oliva_163306
109776,Maria De Jesus Antonia,Ochoa Oliva,FCFM/TELECOMUNICACIONES,8,6.875,63.0,3.2,https://www.misprofesores.com/profesores/Maria-De-Jesus-Antonia-Ochoa-Oliva_109776
121356,María De Jesús Antonia,Ochoa Oliva,Facultad ciencias físico matemático,0,,0.0,10.0,https://www.misprofesores.com/profesores/María-De-Jesús-Antonia-Ochoa-Oliva_121356
82555,Juan René,Olivo González,UANL - FCFM/UDEM,3,9.6667,100.0,0.0,https://www.misprofesores.com/profesores/Juan-René-Olivo-González_82555
153163,Juan Antonio,Ordoñez Torres,fcfm,3,9.3333,100.0,1.3,https://www.misprofesores.com/profesores/Juan-Antonio-Ordoñez-Torres_153163
160392,Leslie Vanesa,Orenday Ortega,FCFM,3,7.6667,67.0,2.0,https://www.misprofesores.com/profesores/Leslie-Vanesa-Orenday-Ortega_160392
147655,Carlos Israel,Orta Orta,Profesor,1,8.0,100.0,2.0,https://www.misprofesores.com/profesores/Carlos-Israel-Orta-Orta_147655
147654,Carlos Israel,Orta Orta,Programación Avanzada,1,9.0,100.0,4.0,https://www.misprofesores.com/profesores/Carlos-Israel-Orta-Orta_147654
158315,Angela,Ortiz,FCFM,13,9.0769,92.0,3.7,https://www.misprofesores.com/profesores/Angela-Ortiz_158315
165403,Angela Veronica,Ortiz Ledezma,Fcfm,0,,0.0,10.0,https://www.misprofesores.com/profesores/Angela-Veronica-Ortiz-Ledezma_165403
129384,Scarlett,Ortiz Ortiz,Cálculo diferencial,14,8.7857,100.0,1.6,https://www.misprofesores.com/profesores/Scarlett-Ortiz-Ortiz_129384
93359,Óscar De Jesús Trinidad,Ovalle Reyna,UANL - FCFM,6,8.0,83.0,5.7,https://www.misprofesores.com/profesores/Óscar-De-Jesús-Trinidad-Ovalle-Reyna_93359
80129,Melissa,Oyervides,Analisis de datos,5,7.4,40.0,2.4,https://www.misprofesores.com/profesores/Melissa-Oyervides_80129
62521,Pablo Cesar,Pablo Cesar,UANL- FCFM,29,7.7931,72.0,3.9,https://www.misprofesores.com/profesores/Pablo-Cesar-Pablo-Cesar_62521
62520,Pablo Cesar,Pablo Cesar,Circuitos Digitales,6,9.6667,50.0,6.3,https://www.misprofesores.com/profesores/Pablo-Cesar-Pablo-Cesar_62520
121271,Rogelio,Padilla Santillana,UANL / FCFM - LSTI,7,8.2857,86.0,3.1,https://www.misprofesores.com/profesores/Rogelio-Padilla-Santillana_121271
73402,Daniel,Padro,actuaría,7,8.8571,86.0,0.0,https://www.misprofesores.com/profesores/Daniel-Padro_73402
152951,Alberta Abigail,Palacios Garza, FCFM,11,9.0,91.0,2.4,https://www.misprofesores.com/profesores/Alberta-Abigail-Palacios-Garza_152951
107177,Gerardo,Palafox Castillo,FCFM/Matematicas,10,10.0,100.0,3.2,https://www.misprofesores.com/profesores/Gerardo-Palafox-Castillo_107177
95108,Jose,Paz,FCFM,8,8.75,88.0,3.0,https://www.misprofesores.com/profesores/Jose-Paz_95108
137588,Salvador,Pazos,FCFM,3,8.6667,100.0,5.3,https://www.misprofesores.com/profesores/Salvador-Pazos_137588
87206,Mayra Carolina,Pedraza Hernández,UANL FCFM,2,6.0,50.0,4.0,https://www.misprofesores.com/profesores/Mayra-Carolina-Pedraza-Hernández_87206
109127,Hugo Daniel,Perez,Actuario,3,9.6667,100.0,1.3,https://www.misprofesores.com/profesores/Hugo-Daniel-Perez_109127
132231,Angel Salvador,Perez Blanco,Algebra,7,5.7143,43.0,5.1,https://www.misprofesores.com/profesores/Angel-Salvador-Perez-Blanco_132231
140576,Ángel Salvador,Pérez Blanco,Fisica,2,6.0,50.0,3.0,https://www.misprofesores.com/profesores/Ángel-Salvador-Pérez-Blanco_140576
118015,José Enrique,Peréz León,FCFM/Física,16,6.4375,38.0,4.9,https://www.misprofesores.com/profesores/José-Enrique-Peréz-León_118015
80126,Joel,Perez Padrón,Matemáticas,29,7.1034,62.0,2.1,https://www.misprofesores.com/profesores/Joel-Perez-Padrón_80126
131966,Eduardo Gerardo,Perez Tijerina,FCFM UANL,0,,0.0,10.0,https://www.misprofesores.com/profesores/Eduardo-Gerardo-Perez-Tijerina_131966
104281,Gerardo,Pila,Fcfm,8,6.125,38.0,7.0,https://www.misprofesores.com/profesores/Gerardo-Pila_104281
96967,J,Piña,FCFM,4,8.75,75.0,7.0,https://www.misprofesores.com/profesores/J-Piña_96967
104283,Caca,Pipi Popo,fcfm,8,9.0,100.0,1.0,https://www.misprofesores.com/profesores/Caca-Pipi-Popo_104283
129258,Ángeles Sahori,Polino,Martínez ,21,9.0476,95.0,3.2,https://www.misprofesores.com/profesores/Ángeles-Sahori-Polino_129258
66985,Leopoldo Pineda,Polo,Física,27,7.8519,78.0,1.2,https://www.misprofesores.com/profesores/Leopoldo-Pineda-Polo_66985
149179,Leopoldo César,Pompa Rodríguez,FCFM,2,10.0,100.0,0.0,https://www.misprofesores.com/profesores/Leopoldo-César-Pompa-Rodríguez_149179
93022,Daniel,Prado,FCFM / ACTUARIA,20,9.2,95.0,1.2,https://www.misprofesores.com/profesores/Daniel-Prado_93022
156862,Eric Armando,Pulido Pérez,FCFM/calculo diferencial,3,9.3333,100.0,2.0,https://www.misprofesores.com/profesores/Eric-Armando-Pulido-Pérez_156862
164689,Erick Armando,Pulido Pérez,Facultad de ciencias físico matemáticas ,3,10.0,100.0,1.3,https://www.misprofesores.com/profesores/Erick-Armando-Pulido-Pérez_164689
156863,Eric Armando,Pulido Pérez,FCFM/Maestro,15,9.7333,100.0,2.0,https://www.misprofesores.com/profesores/Eric-Armando-Pulido-Pérez_156863
110608,Jose De Jesus,Quijano Briones,UANL-FCFM(Fisica),8,4.0,25.0,5.7,https://www.misprofesores.com/profesores/Jose-De-Jesus-Quijano-Briones_110608
97501,Jose De Jesus,Quijano Briones,FCFM GEOMETRIA ANALITICA,24,4.0833,25.0,5.9,https://www.misprofesores.com/profesores/Jose-De-Jesus-Quijano-Briones_97501
167273,Diana,Quintanar,Fcfm,0,,0.0,10.0,https://www.misprofesores.com/profesores/Diana-Quintanar_167273
107608,Diana Laura,Quintanar Sanchez,FCFM/Matematicas,25,7.04,52.0,3.5,https://www.misprofesores.com/profesores/Diana-Laura-Quintanar-Sanchez_107608
119800,Diana Laura,Quintanar Sánchez,FCFM,5,7.6,60.0,3.2,https://www.misprofesores.com/profesores/Diana-Laura-Quintanar-Sánchez_119800
104285,Mayra,Quiñonez,Lic Acturia,2,9.5,100.0,2.0,https://www.misprofesores.com/profesores/Mayra-Quiñonez_104285
101941,Monica,Quiroga,FCFM,2,9.0,100.0,2.0,https://www.misprofesores.com/profesores/Monica-Quiroga_101941
153056,Manuel Gerardo,Quiroz García,FCFM,2,7.0,50.0,3.0,https://www.misprofesores.com/profesores/Manuel-Gerardo-Quiroz-García_153056
60956,Yorch,Ramirez,ATI,1,10.0,100.0,0.0,https://www.misprofesores.com/profesores/Yorch-Ramirez_60956
114825,Pedro Angel,Ramirez,UANL-FCFM(MATEMÁTICAS),1,9.0,100.0,4.0,https://www.misprofesores.com/profesores/Pedro-Angel-Ramirez_114825
52629,Aurelio,Ramirez,Granados,7,4.2857,29.0,0.9,https://www.misprofesores.com/profesores/Aurelio-Ramirez_52629
121085,Diego,Ramirez,UANL FCFM,0,,0.0,10.0,https://www.misprofesores.com/profesores/Diego-Ramirez_121085
170446,Mariela,Ramírez  Galván,Facultad de Ciencias Fisico-Matemáticas FCFM,0,,0.0,10.0,https://www.misprofesores.com/profesores/Mariela-Ramírez--Galván_170446
85713,Erick Azael,Ramirez Aguilar,FCFM,12,7.0833,58.0,2.7,https://www.misprofesores.com/profesores/Erick-Azael-Ramirez-Aguilar_85713
159556,Ángeles Daniela,Ramirez Alvarado,FCFM,5,9.8,100.0,0.8,https://www.misprofesores.com/profesores/Ángeles-Daniela-Ramirez-Alvarado_159556
110702,David,Ramirez Lopez,UANL-FCFM(Programacion),13,10.0,100.0,1.1,https://www.misprofesores.com/profesores/David-Ramirez-Lopez_110702
75186,Juan Angel,Ramirez Tamariz,FCFM/Ciencias computacionales,9,3.2222,11.0,6.9,https://www.misprofesores.com/profesores/Juan-Angel-Ramirez-Tamariz_75186
137583,Jose Alfredo,Ramos Alcantar,LMAD,3,10.0,100.0,2.7,https://www.misprofesores.com/profesores/Jose-Alfredo-Ramos-Alcantar_137583
110640,Helga Lina,Rangel Zamora,"UANL-FCFM(Dibujo,Animacion)",8,10.0,100.0,0.2,https://www.misprofesores.com/profesores/Helga-Lina-Rangel-Zamora_110640
102638,Oscar,Recio,UANL-FCFM (Analisis Numerico),7,9.7143,100.0,1.4,https://www.misprofesores.com/profesores/Oscar-Recio_102638
58646,Gilberto,Reyes,Programación,30,3.8667,13.0,2.9,https://www.misprofesores.com/profesores/Gilberto-Reyes_58646
26285,Alvaro,Reyes,FCFM,22,9.5,95.0,2.4,https://www.misprofesores.com/profesores/Alvaro-Reyes_26285
127526,Edgar,Reyes Yera,FCFM,15,9.2667,93.0,1.1,https://www.misprofesores.com/profesores/Edgar-Reyes-Yera_127526
160250,Michelle,Reyna,FCFM,0,,0.0,10.0,https://www.misprofesores.com/profesores/Michelle-Reyna_160250
119533,Yessica,Reyna Fernández,Fcfm ,1,8.0,100.0,4.0,https://www.misprofesores.com/profesores/Yessica-Reyna-Fernández_119533
111084,Javier Emiliano,Reynosa,FCFM,1,2.0,0.0,8.0,https://www.misprofesores.com/profesores/Javier-Emiliano-Reynosa_111084
102574,Azucena,Ríos,Estadística,19,9.3684,95.0,1.5,https://www.misprofesores.com/profesores/Azucena-Ríos_102574
129308,Jurgen,Rivelino Sandoval,FCFM/Actuaria,4,9.0,100.0,1.5,https://www.misprofesores.com/profesores/Jurgen-Rivelino-Sandoval_129308
128141,Everardo,Rivera Oliva,Física,10,9.8,100.0,1.4,https://www.misprofesores.com/profesores/Everardo-Rivera-Oliva_128141
73401,Victoria Celeste,Rodriguez,matemáticas,49,7.9388,82.0,1.5,https://www.misprofesores.com/profesores/Victoria-Celeste-Rodriguez_73401
92447,Rodrigo,Rodríguez,fcfm,35,8.4571,77.0,5.7,https://www.misprofesores.com/profesores/Rodrigo-Rodríguez_92447
34894,Panchito,Rodriguez,Matematicas/progra,28,7.0,79.0,3.6,https://www.misprofesores.com/profesores/Panchito-Rodriguez_34894
100976,Arturo,Rodriguez,Videojuegos / FCFM,0,,0.0,10.0,https://www.misprofesores.com/profesores/Arturo-Rodriguez_100976
92297,Elisa,Rodriguez,UANL - FCFM,14,9.2143,100.0,1.0,https://www.misprofesores.com/profesores/Elisa-Rodriguez_92297
92446,Rorro,Rodríguez,fcfm,1,2.0,0.0,8.0,https://www.misprofesores.com/profesores/Rorro-Rodríguez_92446
141262,Victoria Celeste,Rodríguez,Facultad de Físico matemáticas,0,,0.0,10.0,https://www.misprofesores.com/profesores/Victoria-Celeste-Rodríguez_141262
111661,Felipe De Jesus,Rodriguez,UANL-FCFM(LCC),3,9.3333,100.0,2.0,https://www.misprofesores.com/profesores/Felipe-De-Jesus-Rodriguez_111661
144843,Rigoberto,Rodríguez Martínez,FCFM,51,9.0392,92.0,1.3,https://www.misprofesores.com/profesores/Rigoberto-Rodríguez-Martínez_144843
155457,Gustavo Adolfo,Rodriguez Martinez,FCFM,8,7.5,75.0,3.5,https://www.misprofesores.com/profesores/Gustavo-Adolfo-Rodriguez-Martinez_155457
140085,David,Rodríguez Martínez,Fcfm,6,9.0,100.0,3.7,https://www.misprofesores.com/profesores/David-Rodríguez-Martínez_140085
165497,Shamir Alejandro,Rodríguez Ojeda,Programación,3,8.6667,100.0,1.3,https://www.misprofesores.com/profesores/Shamir-Alejandro-Rodríguez-Ojeda_165497
164140,Richard Eduardo,Rodriguez Ortiz,FCFM,1,6.0,100.0,4.0,https://www.misprofesores.com/profesores/Richard-Eduardo-Rodriguez-Ortiz_164140
79073,Juan Jose,Rodriguez Padron,FCFM,11,8.6364,100.0,1.1,https://www.misprofesores.com/profesores/Juan-Jose-Rodriguez-Padron_79073
131962,Pablo Cesar,Rodriguez Ramirez,FCFM UANL,1,8.0,100.0,2.0,https://www.misprofesores.com/profesores/Pablo-Cesar-Rodriguez-Ramirez_131962
109813,Francisco,Rodríguez Ramírez,Fcfm,24,7.0417,67.0,3.1,https://www.misprofesores.com/profesores/Francisco-Rodríguez-Ramírez_109813
160292,José Carlos,Rodríguez Reyna,LSTI,1,7.0,0.0,4.0,https://www.misprofesores.com/profesores/José-Carlos-Rodríguez-Reyna_160292
162294,Jose Carlos,Rodriguez Reyna,FCFM/LSTI,2,3.5,0.0,2.0,https://www.misprofesores.com/profesores/Jose-Carlos-Rodriguez-Reyna_162294
129291,Roberto Josafat,Rojas Solis,POO (LMAD),8,7.25,50.0,3.5,https://www.misprofesores.com/profesores/Roberto-Josafat-Rojas-Solis_129291
129297,Roberto Josafat,Rojas Solis,Programacion,1,8.0,0.0,6.0,https://www.misprofesores.com/profesores/Roberto-Josafat-Rojas-Solis_129297
97860,Esmeralda,Romero,FCFM / Matematicas discretas,13,8.3846,85.0,2.8,https://www.misprofesores.com/profesores/Esmeralda-Romero_97860
107246,Hector,Romero Arguelles,FCFM/LSTI/LCC,5,7.8,80.0,3.2,https://www.misprofesores.com/profesores/Hector-Romero-Arguelles_107246
107223,Hugo,Romero Bonilla,FCFM,1,8.0,100.0,2.0,https://www.misprofesores.com/profesores/Hugo-Romero-Bonilla_107223
160350,Raymundo Espinosa,Roque,Ciencias Físico Matemáticas,1,8.0,100.0,2.0,https://www.misprofesores.com/profesores/Raymundo-Espinosa-Roque_160350
129342,Nancy Deyanira,Rosales Garza,UANL- FCFM,2,8.5,100.0,1.0,https://www.misprofesores.com/profesores/Nancy-Deyanira-Rosales-Garza_129342
56303,Rafael Alberto,Rosas,Programación,20,7.0,60.0,4.3,https://www.misprofesores.com/profesores/Rafael-Alberto-Rosas_56303
138056,Juan Pablo,Rosas Baldazo,Inteligencia Artificial,6,4.5,17.0,4.3,https://www.misprofesores.com/profesores/Juan-Pablo-Rosas-Baldazo_138056
142783,Juan,Rositas,MARTÍNEZ,1,10.0,100.0,0.0,https://www.misprofesores.com/profesores/Juan-Rositas_142783
95783,Rodrigo Alejandro,Rpdriguez,Álgebra(?),4,8.5,75.0,2.5,https://www.misprofesores.com/profesores/Rodrigo-Alejandro-Rpdriguez_95783
159555,Mitchel Abraham,Ruiz,Fcfm,3,10.0,100.0,1.3,https://www.misprofesores.com/profesores/Mitchel-Abraham-Ruiz_159555
137852,Hazael,Ruiz Diaz,FCFM,7,7.8571,86.0,1.7,https://www.misprofesores.com/profesores/Hazael-Ruiz-Diaz_137852
110638,Juan Carlos,Ruiz Mendoza,UANL-FCFM(Fisica),7,7.4286,71.0,3.4,https://www.misprofesores.com/profesores/Juan-Carlos-Ruiz-Mendoza_110638
56413,Daniel,Salas,Computacion/ Varias Materias,1,4.0,0.0,0.0,https://www.misprofesores.com/profesores/Daniel-Salas_56413
160296,Ulises Juvencio,Salas Castillo,UANL- FCFM,0,,0.0,10.0,https://www.misprofesores.com/profesores/Ulises-Juvencio-Salas-Castillo_160296
129345,Maria Guadalupe,Salas Cepeda,FCFM,3,7.0,33.0,4.0,https://www.misprofesores.com/profesores/Maria-Guadalupe-Salas-Cepeda_129345
89766,Maria Concepcion,Salas Solis,FCFM,26,7.8077,88.0,2.5,https://www.misprofesores.com/profesores/Maria-Concepcion-Salas-Solis_89766
129314,María Guadalupe,Salas Zepeda,FCFM-UANL,2,7.0,50.0,5.0,https://www.misprofesores.com/profesores/María-Guadalupe-Salas-Zepeda_129314
74330,Guillermo,Salceda Delgado,UANL- FCFM,14,6.7143,93.0,2.9,https://www.misprofesores.com/profesores/Guillermo-Salceda-Delgado_74330
62785,Dilia María,Saldivar,Matemáticas,26,9.5769,96.0,0.8,https://www.misprofesores.com/profesores/Dilia-María-Saldivar_62785
168328,Dilia,Saldivar Flores,Fcfm,0,,0.0,10.0,https://www.misprofesores.com/profesores/Dilia-Saldivar-Flores_168328
66983,Rene,Salinas,Ciencias Computacionales,5,6.6,60.0,1.6,https://www.misprofesores.com/profesores/Rene-Salinas_66983
86174,Monica,Salinas,FCFM,15,9.7333,100.0,1.3,https://www.misprofesores.com/profesores/Monica-Salinas_86174
91658,Juan Pablo,Salinas Estebané,Mate-fisica ,14,7.7857,64.0,1.7,https://www.misprofesores.com/profesores/Juan-Pablo-Salinas-Estebané_91658
102659,Juan Pablo,Salinas Estevane,fcfm/física,3,6.6667,67.0,1.3,https://www.misprofesores.com/profesores/Juan-Pablo-Salinas-Estevane_102659
167316,Juan Pablo,Salinas Estevane,FCFM,1,8.0,100.0,2.0,https://www.misprofesores.com/profesores/Juan-Pablo-Salinas-Estevane_167316
80684,Magda,Sanchez,FCFM UANL,1,10.0,100.0,0.0,https://www.misprofesores.com/profesores/Magda-Sanchez_80684
121557,Ruben,Sánchez,FCFM / LSTI,2,6.5,50.0,6.0,https://www.misprofesores.com/profesores/Ruben-Sánchez_121557
95110,Guillermo,Sanchez,FCFM,44,4.75,39.0,5.9,https://www.misprofesores.com/profesores/Guillermo-Sanchez_95110
80683,Magda,Sanchez,Apreciación a las Artes,0,,0.0,10.0,https://www.misprofesores.com/profesores/Magda-Sanchez_80683
132118,Victor Manuel,Sanchez Aguiñaga,Posgrado FCFM ,6,9.3333,83.0,1.7,https://www.misprofesores.com/profesores/Victor-Manuel-Sanchez-Aguiñaga_132118
129301,Víctor Manuel,Sánchez Aguiñaga,FCFM,1,9.0,100.0,6.0,https://www.misprofesores.com/profesores/Víctor-Manuel-Sánchez-Aguiñaga_129301
146551,Carolina Ruby García,Sanchez Armass,FCFM,1,5.0,0.0,6.0,https://www.misprofesores.com/profesores/Carolina-Ruby-García-Sanchez-Armass_146551
146550,Carolina Ruby García,Sanchez Armass,Animación Básica,0,,0.0,10.0,https://www.misprofesores.com/profesores/Carolina-Ruby-García-Sanchez-Armass_146550
131952,Angel Enrique,Sanchez Colin,FCFM UANL,0,,0.0,10.0,https://www.misprofesores.com/profesores/Angel-Enrique-Sanchez-Colin_131952
104275,María Del Rosario,Sánchez García,Metodología de la programación,0,,0.0,10.0,https://www.misprofesores.com/profesores/María-Del-Rosario-Sánchez-García_104275
104276,María Del Rosario,Sánchez García,FCFM,1,9.0,100.0,0.0,https://www.misprofesores.com/profesores/María-Del-Rosario-Sánchez-García_104276
164981,Guillermo Ezequiel,Sánchez Guerrero,FCFM,2,5.0,50.0,4.0,https://www.misprofesores.com/profesores/Guillermo-Ezequiel-Sánchez-Guerrero_164981
129407,Reyna Berenice,Sanchez Hernandez,FCFM/ACTUARÍA,3,8.3333,67.0,1.3,https://www.misprofesores.com/profesores/Reyna-Berenice-Sanchez-Hernandez_129407
56302,Blanca Patricia,Sánchez Juárez,Circuitos Digitales,51,5.4706,39.0,5.8,https://www.misprofesores.com/profesores/Blanca-Patricia-Sánchez-Juárez_56302
110741,Romeo Alfonso,Sanchez Lopez,UANL-FCFM(LSTI-Seguridad en Desarrollo de Software,11,9.8182,100.0,1.6,https://www.misprofesores.com/profesores/Romeo-Alfonso-Sanchez-Lopez_110741
147606,Jose Issac,Sanchez Moyeda,FCFM,3,5.3333,33.0,5.3,https://www.misprofesores.com/profesores/Jose-Issac-Sanchez-Moyeda_147606
110172,Jose,Sanchez Orihuela,UANL-FCFM(Programación),1,10.0,100.0,0.0,https://www.misprofesores.com/profesores/Jose-Sanchez-Orihuela_110172
106720,Rubén Omar,Sánchez Robledo,FCFM,1,4.0,0.0,8.0,https://www.misprofesores.com/profesores/Rubén-Omar-Sánchez-Robledo_106720
153379,Claudia Rosa,Santiago Ramirez,Fcfm/ Introducción  a  nanotecnologia,3,9.3333,100.0,1.3,https://www.misprofesores.com/profesores/Claudia-Rosa-Santiago-Ramirez_153379
129302,Edgar Abraham,Santos Cervantes,FCFM LMAD (Programación avanzada y lenguaje ensamb,6,7.8333,100.0,2.3,https://www.misprofesores.com/profesores/Edgar-Abraham-Santos-Cervantes_129302
66984,René,Sepúlveda,Ciencias Computacionales,7,8.8571,100.0,1.7,https://www.misprofesores.com/profesores/René-Sepúlveda_66984
106709,Rene Gaspar,Sepulveda Guerrero,FCFM,11,8.8182,82.0,1.6,https://www.misprofesores.com/profesores/Rene-Gaspar-Sepulveda-Guerrero_106709
111660,Blanca Elida,Serna,UANL-FCFM,10,9.7,100.0,1.6,https://www.misprofesores.com/profesores/Blanca-Elida-Serna_111660
104269,Carlos,Sifuentes,FCFM/Actuaria,3,8.6667,100.0,3.3,https://www.misprofesores.com/profesores/Carlos-Sifuentes_104269
160762,Yadira Isabel,Silva Soto,FCFM,2,2.5,0.0,8.0,https://www.misprofesores.com/profesores/Yadira-Isabel-Silva-Soto_160762
132289,Italia Iveth,Simbrón Vélez,FCFM,1,9.0,100.0,2.0,https://www.misprofesores.com/profesores/Italia-Iveth-Simbrón-Vélez_132289
58328,Martha,Solis,"Metodologia de prog, Analisis de S. 1",23,9.5217,91.0,0.7,https://www.misprofesores.com/profesores/Martha-Solis_58328
56436,Jorge Humberto,Solis,FCFM,11,6.4545,73.0,4.4,https://www.misprofesores.com/profesores/Jorge-Humberto-Solis_56436
56557,Ernesto,Solís,Programacion ,38,5.2368,45.0,6.0,https://www.misprofesores.com/profesores/Ernesto-Solís_56557
159566,Martha Guadalupe,Solís Barbosa,Programación,3,8.3333,67.0,1.3,https://www.misprofesores.com/profesores/Martha-Guadalupe-Solís-Barbosa_159566
140672,Nancy,Solis Garcia,FCFM/ Algebra,4,9.75,100.0,2.0,https://www.misprofesores.com/profesores/Nancy-Solis-Garcia_140672
131919,Jesús Andrés,Solís López,FCFM,3,9.3333,100.0,1.3,https://www.misprofesores.com/profesores/Jesús-Andrés-Solís-López_131919
132294,Jesús Andrés,Solis Lopez,FCFM/ Métodos Numéricos ,1,9.0,100.0,4.0,https://www.misprofesores.com/profesores/Jesús-Andrés-Solis-Lopez_132294
111097,Francisco Jose,Solis Pomar,UANL-FCFM,3,8.6667,100.0,3.3,https://www.misprofesores.com/profesores/Francisco-Jose-Solis-Pomar_111097
121351,Brenda Yaneth,Sotelo  Benitez,FCFM,33,9.3636,94.0,1.5,https://www.misprofesores.com/profesores/Brenda-Yaneth-Sotelo--Benitez_121351
98015,Israel,Sotelo Ruiz,fcfm,1,4.0,0.0,6.0,https://www.misprofesores.com/profesores/Israel-Sotelo-Ruiz_98015
121056,Juan,Soto,FCFM/LSTI,4,10.0,100.0,2.0,https://www.misprofesores.com/profesores/Juan-Soto_121056
169259,María Valentina Irendira,Soto Rocha,Matemáticas,1,7.0,100.0,4.0,https://www.misprofesores.com/profesores/María-Valentina-Irendira-Soto-Rocha_169259
116846,Jesus Guadalupe,Suarez De La Cruz,FCFM,3,10.0,100.0,0.7,https://www.misprofesores.com/profesores/Jesus-Guadalupe-Suarez-De-La-Cruz_116846
97458,Francisco,Tamayo,Actuaria/Matematicos/Lcc/Fisica,21,5.0952,29.0,5.2,https://www.misprofesores.com/profesores/Francisco-Tamayo_97458
97457,Francisco,Tamayo,Calculo/Algebra,0,,0.0,10.0,https://www.misprofesores.com/profesores/Francisco-Tamayo_97457
109781,Mario,Tapia Mercado,FCFM(Matemáticas),17,9.1176,94.0,1.3,https://www.misprofesores.com/profesores/Mario-Tapia-Mercado_109781
78772,Gilberto,Tenorio,FCFM,70,6.8429,56.0,6.5,https://www.misprofesores.com/profesores/Gilberto-Tenorio_78772
56414,Victor,Tercero,Probabilidad,5,6.2,80.0,3.2,https://www.misprofesores.com/profesores/Victor-Tercero_56414
138555,Efren Ivan,Tinoco Vazquez,FCFM,4,2.75,0.0,2.5,https://www.misprofesores.com/profesores/Efren-Ivan-Tinoco-Vazquez_138555
107316,Alfredo,Tlahuice Flores,Fisica,58,8.8621,90.0,4.3,https://www.misprofesores.com/profesores/Alfredo-Tlahuice-Flores_107316
145171,Enrique,Tolentino,FCFM / LMAD,1,10.0,100.0,0.0,https://www.misprofesores.com/profesores/Enrique-Tolentino_145171
121210,Reynaldo,Torres,Fcfm,8,8.5,88.0,3.2,https://www.misprofesores.com/profesores/Reynaldo-Torres_121210
131950,Ruben Omar,Torres Barrera,FCFM UANL,0,,0.0,10.0,https://www.misprofesores.com/profesores/Ruben-Omar-Torres-Barrera_131950
121552,Jorge Alberto,Torres Bautista,FCFM / LSTI,6,9.3333,100.0,2.0,https://www.misprofesores.com/profesores/Jorge-Alberto-Torres-Bautista_121552
110588,Fernando,Torres Castillo,UANL - FCFM(LCC),6,7.1667,50.0,1.7,https://www.misprofesores.com/profesores/Fernando-Torres-Castillo_110588
146055,Arturo Erick,Torres Cavazos,LSTI,1,10.0,100.0,0.0,https://www.misprofesores.com/profesores/Arturo-Erick-Torres-Cavazos_146055
132283,Ana Luisa,Torres Guerra,FCFM,2,10.0,100.0,1.0,https://www.misprofesores.com/profesores/Ana-Luisa-Torres-Guerra_132283
107550,Diana,Torres Valdes,FCFM,5,8.8,80.0,1.6,https://www.misprofesores.com/profesores/Diana-Torres-Valdes_107550
155252,Cathy Elizabeth,Trejo Robles,FCFM,5,10.0,100.0,1.2,https://www.misprofesores.com/profesores/Cathy-Elizabeth-Trejo-Robles_155252
56304,Janell,Treviño,"Diseño de Escenarios, Foto.",4,4.25,25.0,1.0,https://www.misprofesores.com/profesores/Janell-Treviño_56304
129579,Norma Jeaneth,Treviño Hernández,UANL-FCFM,4,6.5,25.0,6.0,https://www.misprofesores.com/profesores/Norma-Jeaneth-Treviño-Hernández_129579
129578,Norma Jeaneth,Treviño Hernández,FCFM Álgebra,0,,0.0,10.0,https://www.misprofesores.com/profesores/Norma-Jeaneth-Treviño-Hernández_129578
68752,José Alejandro,Treviño Lavin,FCFM,5,5.0,20.0,4.0,https://www.misprofesores.com/profesores/José-Alejandro-Treviño-Lavin_68752
151624,Mónica Cristina,Treviño Navarro,FCFM/Actuaria,4,5.25,50.0,6.5,https://www.misprofesores.com/profesores/Mónica-Cristina-Treviño-Navarro_151624
113192,Gerardo Manuel,Valdes Macias,FCFM/LCC,2,8.0,50.0,0.0,https://www.misprofesores.com/profesores/Gerardo-Manuel-Valdes-Macias_113192
76136,Yenny,Valenzuela Murillo,fcfm/matematicas,61,7.0,52.0,6.4,https://www.misprofesores.com/profesores/Yenny-Valenzuela-Murillo_76136
97981,Jobish,Vallikavungal Devassia,UANL - FCFM,12,8.25,75.0,1.2,https://www.misprofesores.com/profesores/Jobish-Vallikavungal-Devassia_97981
124454,Felix Alberto,Varela Guillen,LCC,14,8.2143,93.0,1.1,https://www.misprofesores.com/profesores/Felix-Alberto-Varela-Guillen_124454
112118,Alejandro,Vargas Hernández,UANL FCFM - Actuaría,13,6.5385,62.0,1.8,https://www.misprofesores.com/profesores/Alejandro-Vargas-Hernández_112118
85714,Miriam Patricia,Vargas Zuñiga,FCFM/LCC,29,7.6207,62.0,3.5,https://www.misprofesores.com/profesores/Miriam-Patricia-Vargas-Zuñiga_85714
131965,Oxana,Vasilievna Kharissova,FCFM UANL,3,9.0,100.0,0.7,https://www.misprofesores.com/profesores/Oxana-Vasilievna-Kharissova_131965
129307,Erick Rolando,Vásquez Quiroga,LMAD,6,9.6667,83.0,2.0,https://www.misprofesores.com/profesores/Erick-Rolando-Vásquez-Quiroga_129307
165826,Luis Daniel,Vazquez,FCFM - Ciencias Computacionales,1,9.0,100.0,0.0,https://www.misprofesores.com/profesores/Luis-Daniel-Vazquez_165826
110406,Ericka Fabiola,Vazquez Alcala,FCFM(Matemáticas),12,9.0833,83.0,3.0,https://www.misprofesores.com/profesores/Ericka-Fabiola-Vazquez-Alcala_110406
113429,Ericka Fabiola,Vázquez Alcalá,FCFM,2,10.0,100.0,2.0,https://www.misprofesores.com/profesores/Ericka-Fabiola-Vázquez-Alcalá_113429
110251,Fabiola,Vázquez Alcala,FCFM,7,9.7143,100.0,1.7,https://www.misprofesores.com/profesores/Fabiola-Vázquez-Alcala_110251
110589,Jaime Arturo,Vazquez Gonzalez,UANL -FCFM (Contabilidad),1,8.0,100.0,4.0,https://www.misprofesores.com/profesores/Jaime-Arturo-Vazquez-Gonzalez_110589
107178,María Del Consuelo,Vazquez Gracia,FCFM/Matematicas,14,6.6429,50.0,4.3,https://www.misprofesores.com/profesores/María-Del-Consuelo-Vazquez-Gracia_107178
111100,Jose Luis,Vazquez Niebla,"UANL-FCFM(LCC,Investigacion de Operaciones,Sistema",0,,0.0,10.0,https://www.misprofesores.com/profesores/Jose-Luis-Vazquez-Niebla_111100
111708,Jose Luis,Vázquez Niebla,FCFM,2,7.5,50.0,6.0,https://www.misprofesores.com/profesores/Jose-Luis-Vázquez-Niebla_111708
110684,Francisco Javier,Vazquez Rodriguez,UANL-FCFM(Fisica),1,10.0,100.0,0.0,https://www.misprofesores.com/profesores/Francisco-Javier-Vazquez-Rodriguez_110684
166081,Heriberto,Vélez Garza,FCFM,1,10.0,100.0,0.0,https://www.misprofesores.com/profesores/Heriberto-Vélez-Garza_166081
103104,Iván,Venzor Cárdenas,UANL - FCFM,3,8.0,100.0,1.3,https://www.misprofesores.com/profesores/Iván-Venzor-Cárdenas_103104
99729,Perla,Viera,Fisica,17,8.3529,76.0,3.3,https://www.misprofesores.com/profesores/Perla-Viera_99729
133898,Perla Marlene,Viera González,Fcfm,5,10.0,100.0,0.4,https://www.misprofesores.com/profesores/Perla-Marlene-Viera-González_133898
129304,Arturo,Villalobos Gonzalez,FCFM LABORATORIOS,9,6.8889,78.0,2.2,https://www.misprofesores.com/profesores/Arturo-Villalobos-Gonzalez_129304
121550,Rosa Nelly,Villareal,FCFM / LSTI (Profesora),5,8.8,100.0,1.2,https://www.misprofesores.com/profesores/Rosa-Nelly-Villareal_121550
129286,Alejandro,Villareal,FCFM,19,4.5263,32.0,6.5,https://www.misprofesores.com/profesores/Alejandro-Villareal_129286
167965,Paulina,Villareal Reyes,"FCFM - Liderazgo, emprendimiento e innovación ",0,,0.0,10.0,https://www.misprofesores.com/profesores/Paulina-Villareal-Reyes_167965
159570,Elida Guadalupe,Villarreal Guerra,FCFM - LSTI,3,7.0,33.0,0.0,https://www.misprofesores.com/profesores/Elida-Guadalupe-Villarreal-Guerra_159570
79063,Alejandro,Villarreal Mojica,FCFM BDPM/Progra2,37,3.5676,16.0,7.4,https://www.misprofesores.com/profesores/Alejandro-Villarreal-Mojica_79063
140196,Alberto,Zaldivar,FIC,0,,0.0,10.0,https://www.misprofesores.com/profesores/Alberto-Zaldivar_140196
128837,Fisam,Zavala,Fcfm/Actuaria ,14,9.7857,100.0,2.6,https://www.misprofesores.com/profesores/Fisam-Zavala_128837
153396,Miguel Angel,Zavala Vizcaya,FCFM/LCC	,1,8.0,100.0,2.0,https://www.misprofesores.com/profesores/Miguel-Angel-Zavala-Vizcaya_153396
117732,Raymundo Manuel,Zubieta Peña,LMAD,6,9.3333,100.0,3.3,https://www.misprofesores.com/profesores/Raymundo-Manuel-Zubieta-Peña_117732
126599,Juan Manuel,Zuñiga Castro,FCFM,0,,0.0,10.0,https://www.misprofesores.com/profesores/Juan-Manuel-Zuñiga-Castro_126599
